,0.0,0.05,0.09999999999999999,0.15000000000000002,0.2,0.25,0.3,0.35000000000000003,0.4,0.45,0.5,0.5499999999999999,0.6,0.6499999999999999,0.7,0.75,0.7999999999999999,0.85,0.8999999999999999,0.95,1.0,1.05,1.0999999999999999,1.15,1.2,1.25,1.3,1.3499999999999999,1.4,1.45,1.5
0.0,-0.00045942781268521306,0.0006063700903476038,-0.0016655007763645697,0.0016640455801422845,0.00015687391408115704,-0.0011007703453992696,0.0012708789290892875,0.0005240742153483313,-0.0005827424570854678,-6.716770273803046e-05,-0.0008883105527391741,0.0007920196598929505,-0.0002186604575555648,0.0005284387721135375,0.00013096387301113983,-0.0017492752279617309,0.0015854983606711094,-0.001789477278693623,0.002387461226866135,-0.0008003243236342006,-0.00019826983309355117,-0.0007730803253442581,0.0012641482445236727,-0.0004239474621027445,-0.0003695559968305695,-0.0008472705592926455,0.0012549897179961785,-0.0007196331165318696,0.00032554123066476094,0.00015472190532528116,-9.416658046996714e-05
10.0,-0.0006057719617491148,-0.001433152298859817,0.0006394850280187495,-0.0025003941593818592,0.0016001771017289442,0.0023689514463206144,-0.0016325567712867839,-0.001966944758202931,-0.002358627838482474,-0.0027634233625821046,-0.0001215577383839468,-0.002089920611827142,-0.0016648261947251697,-0.00018361407057165206,0.000977043280305405,0.0038346841329880733,-0.0007786968563894721,0.001228970773582326,-0.0038449961982431826,-0.0019480424777246505,-0.00028808035651402665,0.00045232166582573395,-0.0038049342550305664,0.001348371703822317,0.0035919306006061656,0.0013238749653098462,-0.0002013386267840745,0.0012749542404679292,-8.784641228763018e-05,0.0008848869659286284,0.000511124205704739
20.0,0.0028039534066559334,0.0007270639927984807,0.005058545318129565,-0.0013790903320895962,-0.0030240490134301906,-0.003721483276739797,-3.827332664928795e-06,0.0024685537146943875,0.009149890834740122,0.003906258453611557,0.003559133324215789,0.0009699477537688351,0.004882760961311981,-0.002360750521149862,-0.0019121003671113402,-0.0023820807017264087,-0.00262688632187686,0.0005462790738271386,0.00448628438853892,0.002212389380233584,0.002308587682197826,0.002115774907956557,0.0038441430874766613,-0.001494112302767224,-0.005922021561460247,-0.001637765157720669,-0.001780922150593205,-0.00102103122759084,0.001523424717140856,-0.004926815187593204,0.00020739722249944138
30.0,-0.003272460898891916,0.0005579119840709986,-0.009526645656858962,0.007266250999193893,0.0014345396202990089,0.0008468917137007447,0.0004414643399387211,-0.003316338143342045,-0.0139385593918657,0.0012404611809782712,-0.004705009514784927,0.0026300898116565093,-0.0041629809530762995,0.0021160804081106453,-0.0006379813508697215,-0.002880077345132015,0.002671996851975209,-0.004649416183874632,-0.0023543753708983157,0.007694922299805485,-0.0008662418376821796,-0.005611400434337956,0.0018703053595003013,0.0006487431912741088,0.0018881243119351274,0.0005998798556577097,-0.0009834676657223924,-0.0032039400295775177,-0.0046834405573325175,0.006229753076784743,-0.002166809004603531
40.0,0.00311028555134109,0.0010328820136868203,0.003063908778454204,-0.003101888623017355,-0.0009405750920621301,0.00014427560664239682,0.003497204570792567,0.005597462416351242,0.0071819451131146265,0.003108892617766739,0.0011588087662533421,-0.0034815672463818378,0.002685984533447695,0.003339396529818255,-0.0005078337786208732,0.0022956576920238636,0.0035480561144196642,0.0037606548256302885,0.0037351418381956106,-0.01225669903363855,-0.0038767084028471606,0.005455365362127359,-0.0034892050685775295,0.00040347250592222473,-0.00017138242738605066,-0.00011411159353678896,0.006892969999386493,0.004466313468131021,0.003730188229346339,0.0014976213921193814,-0.0007005107562479229
50.0,-0.0017598049265555291,0.0025006686663404695,0.006097280432192137,-0.0022519893088019946,0.002599520591674198,0.004562301759472697,-0.003454756895597335,-0.0018198521158923914,0.007295850895414573,-0.009268202394240482,0.0005208617065484733,0.0023824027449618336,-0.005767080199869823,-0.006223912522340773,0.005957452596865753,-0.0006627437758045357,-0.007533086424447039,0.001807296613411584,-0.0058923249223012,0.004573679615828754,0.002612920177269751,-0.0024178006367797933,0.00110358200259586,-0.0016480964663822446,0.0003719270837814506,0.0006333565898310497,-0.003919562671083017,0.0015531130433125379,-0.0013482784616413808,-0.008745673780299645,0.0037103010809474302
60.0,-0.0031736061752861934,-0.005405763294397093,-0.004859935191307881,-0.0010967889165739032,-0.002109623318806114,-0.004560242983876178,-0.0035965899290892316,-0.005068561104979362,-0.00887370516980074,0.005112821696560128,0.00011044598420101515,0.00044861785285860937,0.006539307581197234,0.004045057988830801,-0.0039279623501385615,-0.0007535991254643399,0.006531923336271401,0.00473668257310981,-0.0005271082084045419,-0.0003948743671181955,0.00012909153481758195,0.0011542287147417545,-0.0007481533349968953,0.001646901992616732,0.0010396365295758452,-0.00037679095364130926,-0.0019117464568185797,-0.003682190575378005,0.0031762350912735203,0.0045241340483247895,-0.00033254956777986166
70.0,0.0038863358823209592,0.00030560212580894446,-0.0020811409692004347,0.0023887544676725204,-0.0001857583983401212,-0.00039549827294480964,0.004710010032952657,0.0028953951935032146,-0.000590367695971849,-0.0035983436048283137,-4.294980636621815e-05,-0.001953731533023054,-0.003425528547918693,-0.0015924855370798353,0.0010825920091145286,0.004619593586151052,-0.005663396929093,-0.014291308628347574,0.004541827721321191,-0.0005734172568730028,0.0019880640376505067,-0.0009335813060023602,-0.0012014683008498455,0.0009373475808436424,0.004066894848810495,0.002002277993399218,0.0018196519719150467,0.00034658775863725787,-0.002724336230739133,0.0054224990185354266,-0.0004930456919185121
80.0,-6.38473265137353e-05,0.0015867023974263845,0.003462386982004715,0.0012672983387011822,-0.0019190606826623758,0.003022889441780958,0.0035190299291581427,0.0027378305443192547,0.004250157876556774,0.0016649997438936712,-0.001779892880312458,0.0019577547377250836,0.0034184113726411624,0.0009371835470754175,-0.0028220391925862487,-0.0032015725117061785,0.004804125638074211,0.013674428068448367,-0.0021839349228586972,0.0022379921914624126,-0.0006709085516471451,-0.002712714905404806,0.005465673777413796,-0.004030946688367649,-0.011907105916368153,-0.0019128315107643493,0.00012376966883427724,-0.00015911696442747362,-0.0021163097467421584,-0.007230646830886625,-0.0017491505630697997
90.0,-0.0002936932000837106,-0.00011205115635250867,0.0022229588872293765,0.0019894872788718846,0.0065390473517452,-0.0011891382781508396,-0.007678549894609317,-0.001950187147247291,-0.0004826718927228485,0.00339436656262627,0.004514636802072285,-0.0034407672905018196,-0.004659359027251368,0.0022549111093518874,0.0034923598928361943,-0.0003402067249877966,-0.00284090857243738,-0.01536142245730603,-0.0006322512195453653,0.00012358859517271005,-0.0025871019011991436,0.005663114382672709,-0.006204782865609513,-0.001365744386957055,0.0074478424964471305,-0.0028383124034750008,-0.0026626642193975786,0.0027490700621403473,0.0035553724016490146,0.0027031997700357503,0.00245786880324167
100.0,4.046832660702368e-05,0.001817449500739544,-0.010294712078254503,-0.006488846513658797,-0.004297429953756218,-0.0037313114083476918,0.0051923181287338305,0.0012344064802210074,-0.003640608356530868,-0.003949069779946757,-0.004649596053119855,0.006081033031532481,0.0015901066227509025,-0.005576553132278895,-0.0024942684604021877,0.0010945261647863844,0.0015537173426268822,0.01652477772475586,0.004787841268068303,-0.0038066077039142117,0.0009585186276120594,-0.0014938586010903216,0.0037115090212726715,0.006080485690347791,0.005220048080980989,0.0022931734984956128,-0.00038404978965041626,-0.0022553257175444235,-0.0013275542251866774,-0.0009646894207163936,-0.001432476892846804
110.0,-0.001423003524308556,-0.004977535980562678,0.011206700999103139,0.003654837598217824,-0.002630483482960468,0.002522922784719351,-9.148204549372569e-05,0.0021252804430275415,0.0019762917787256346,-0.0002141032889171196,0.006167854125338572,-0.004788880511496118,0.0009909308503084618,0.004284790756580361,0.002750612987862846,0.001298191327608807,0.00016948508244350762,-0.009721557935696097,-0.0018752991488782218,0.005913083025290389,0.001190539530235616,-0.002348921176659815,-0.001709352254006142,0.0008162489653420406,-0.00562872158259387,0.003754642732844799,0.004754968770443664,-0.0012103958181138217,-0.0007296039926542809,-0.002060832647712672,-0.0013283473366126756
120.0,0.0005650983516108583,0.006281426982028971,-0.006977972834642155,-0.001928120587713512,0.005970262525640792,0.0015651934300298504,-0.0019451830113781283,-0.003112524768349813,-2.6945949705299568e-05,-0.0012685932589640955,-0.00642507959067598,-0.005102464962556879,0.0036757225577237046,-0.0005672447055572543,-0.0046083842538918365,-0.004767115878860167,3.1520423765252215e-05,0.0031088308997604427,-0.002506402535671776,-0.004161457433313864,-0.004378362047571884,0.0034816162449779653,-0.00043741506791521184,-0.0032894491762278134,-0.003939706340234864,-0.006803907761525027,-0.0010829197312533794,0.0016911506066065157,0.0032225010082818683,0.005867447576433418,0.0007973358040103951
130.0,-0.0003157198786836856,-0.005044595059263759,0.005888585801047948,0.0014109736004156478,-0.0044703077529842615,-0.0007676514531414555,-0.0014975446934861825,-0.0019287456278915171,-0.00032153444902820075,0.003770351630828309,0.0014847805329278117,0.011977535005586237,-0.0032340814356578906,-0.00027019605053824834,0.0009549146196449774,0.0005117284169291364,-0.0029822114029754154,-0.0022322766995396134,-0.003394015444898023,-0.003102458438271393,0.006618674527902824,-0.0050698912993019695,0.004512134990668001,4.471135469310994e-05,0.007647397497090446,0.006856859523436164,-0.0036674952237263094,-0.0005014060836489988,-0.002316270181572202,-0.0024857667744173874,0.0016399798544764741
140.0,0.0052262217344531915,-0.0009726235578859506,-0.003527986432857776,-0.0008685347700315775,0.0022362982753589876,-0.0030029848692095895,0.005444952631510776,0.001892416069162032,0.004105850687639732,-0.0011924616418982903,-0.0006314019480377726,-0.008707509833739236,-0.003973107664125931,-4.743348837862455e-05,0.002382999898201582,0.004443906285518256,0.0015014318222764454,0.006656489664157875,0.009978112015138778,0.006011958894498716,-0.00261184397215965,0.0011300510312817575,-0.004841091597106508,0.0005050929972174526,-0.007165401630895661,-0.005268441120216065,0.0030308821398163043,0.0007698484001967768,0.0003804278138305156,-0.0038664190015245303,-0.0013814741602942505
150.0,-0.007062699427669865,0.006465144315980925,0.0017029702211163486,0.0038046806912730518,-0.0015264493480800063,0.007891160826125836,-0.004236029303542965,-0.0018181488916864574,-0.008011109761578216,0.0002918800305549604,0.0018612859277809084,0.004065054371108707,0.0032856210497011484,-0.0032625896769556953,-0.00172257669405803,-0.0015890368623021245,0.003140954297143235,-0.008135907523155326,-0.005847996212250256,-0.0009818967062876767,0.0025733852463671655,0.005287851200019891,-0.0019281189376304667,-0.0038716392649358346,0.006131550149428895,0.0034274007361976494,0.0006493380248168353,0.00017379240770750177,-0.0018039041916107675,0.003275288962606615,-0.0009043308457535151
160.0,0.0034466111165144565,-0.004617996902359356,-0.005844322240840157,-0.003546317806614587,0.0009582664270217018,-0.00839292274497477,0.0014117390880144468,0.003382007977717139,0.004310616500196747,0.0031151832687520975,-0.0018649720609634707,-0.001441354533474255,-0.0009025330178867222,0.004782463520279013,0.0036454643026624383,-0.001959920916530009,-0.002519524345028148,0.006132982260900964,-0.00216427707660817,-0.002277575122519785,-0.006186333039213538,-0.00577553998245441,0.0053841095987706335,0.0027527747159052413,0.0005708656733500999,-0.005189439731501875,-0.0016747817408969056,-0.0007813338391145652,-2.349880478621266e-05,0.0023700548858334738,0.002611430277085798
170.0,-0.00319235908004199,-0.00023993164576582003,0.006813222168000975,-0.0014641762274022947,-0.002795012436166344,0.0037532260918219642,-0.005676447043128414,-0.005459492592700437,0.0018102222423237058,-0.004603698331295438,0.004413643330916438,0.0015544739043477874,0.004510309175402745,0.0003868779087305915,-0.002472456049006949,0.0017644847332009622,3.922122429828034e-06,-0.006267211742426391,0.0025287741887402375,0.0007472320678452477,0.003855810624753775,0.003172911710195884,-0.0018228804015575223,0.002194779214678522,-0.0076219782153965744,0.005521831447096135,-0.0018214889544848167,-0.0007507825136628502,0.0015719883699901694,-0.004522792164913385,-0.0008079849760505496
180.0,0.0027129976122659085,0.0056545022557589406,-0.005237445447227175,0.002033794309317087,0.005513288450746777,0.00038221842153468246,0.004957764486342951,0.011702678757405525,-0.0019666401179630325,0.002088824112108992,-0.004760285917493251,-0.0033560645230289892,-0.006461858378076778,-0.005677555105538039,0.00029293890768071484,-0.0026154437480207975,0.0005363919956907453,0.005998339851582178,0.0023374059258205143,-0.0010488223979441208,-0.00034037522866541464,-0.0021448749454468937,0.00029232963058700197,-0.0012601560198859199,0.005552867593188673,-0.0007171507122313139,0.0009252263403988632,0.004000018571697639,-0.0021624140234534415,0.005234150795517213,-0.002348611012856931
190.0,0.0015333640121769072,-0.005234042886316602,0.005696169599463697,-0.001852765704831142,-0.0050839553972529495,-0.00035155661324753066,0.0027996903250824758,-0.011755095502588672,0.0006076813883220833,-0.0031256076697164094,0.003120021478342998,0.0003091090823168441,0.0007880297016889174,0.004236211064014202,-0.004561178964983618,-2.215125632804016e-05,-0.004441057103872595,-0.006814648110864118,-0.002812379146762056,0.00409490753464271,-0.0032676474247179156,5.0089112256815755e-05,-0.0026875753751192223,0.0003596996812105094,0.0002826280837918051,-0.0040441052388624135,0.0031444337208853604,-0.005226038640673533,0.0036310881263215246,-0.0070156621664242596,0.002211234065926833
200.0,-0.003827312882027512,-9.769302461902218e-05,-0.004248232478729657,0.007242116362899234,0.00011281975550643308,-0.0004911470987352325,-0.002823961635409104,0.004853775641333168,0.0018937671531065044,0.00247891014268244,-0.003743797630307647,0.003504132125167984,0.003087912797127185,-0.0005730569354568909,0.0062375828117820125,0.004795310303951122,0.010364093532028718,0.0076060180374643415,0.003361264229108296,-0.0052103136486795435,0.002544138384540844,0.0024758188409637807,0.003174256692204809,-0.0004450936569157155,-0.0036520603366705096,0.0045843771475852346,0.0026959247352326115,0.0008173600595368897,-0.0008116752876825475,0.004414740630367576,0.00042420524506669055
210.0,0.0015937446642589365,0.00044376232468397003,0.006880709369052186,-0.006528254733182288,0.0032598718652858483,-0.0022489324073990003,3.319288953695321e-05,-0.0016634400800679778,-0.0010374737864295852,0.0019896614249128464,0.0015809341753676082,-0.0022511406820518937,0.0017457544192031006,0.0005574058369476266,-0.0003440000053431929,-0.0017723682239231538,-0.009181165969193848,-0.000966297504674963,-0.00372143148964861,0.0025151453263601953,-0.0005177802365424839,-0.0019724429034302634,0.0006927526375349205,-0.0013854939477226309,0.002028421467044259,-0.0007336563206195806,-0.007480551081569539,0.0029747328493398466,-0.0001534538802489674,0.0006310260770149368,-0.0008093627214893242
220.0,0.00023758194316079228,0.0007499588991927261,-0.009255726449819838,-0.000436569287782419,-0.0005062461795922293,0.005480544067510038,0.0026344829402165705,-0.0021800091524598877,-0.0017847855556681704,-0.0026606277090227347,0.0018320154276753806,-0.0012496157777398494,-0.006078958243007777,-0.0021107793578736844,-0.005760163021808329,0.0031220367570303463,0.005703697590535952,-0.0069099287875783065,-0.002396023235676116,0.0020837288614937634,0.004159365040111264,0.0004808452767735411,-0.0022196365032341714,0.0017182699491906232,0.001709810578668743,-0.0019116403025719974,0.002566850352116761,-0.0015545704450011663,-0.00254484149535508,-0.001393033459854342,-0.000589951438064774
230.0,0.004997280154051401,0.0034567898844167677,0.004196022712938013,-0.0001762833264018765,0.0008961969402339581,-0.0036253259898444863,-0.005595848766065187,0.007594476227236457,0.0029804231064835007,0.0003650790989901767,-0.0008551224513600559,0.0017034254174437692,0.0018320999737292598,0.001216840093032604,0.009547597957185912,-0.003193883942642203,-0.004379175026356683,0.004861767328994994,0.002235765669035585,-0.0046135583567201805,-0.005059180257717109,-0.0006008909082922759,0.000863891750632193,0.0012062762597645177,-0.0024360557032382887,-0.0009154456160253438,-0.0012815921446803975,-0.0005939275439138808,0.002968736981908536,-0.001124416397920774,0.0007117016128023807
240.0,-0.0096729109440654,-0.007414355070793458,0.0021350583848908766,-2.485800971660013e-05,-0.0008898643720436523,-0.0008800549514238757,0.0056588922196933455,-0.009270319211082295,-0.0047119171257462055,-0.00040691685988852617,0.00032669796193722506,0.0005861530602102093,0.0012548355687523416,0.0026923593197521255,-0.009236130885428382,-0.0030815449736408184,-0.0019502457865730044,0.004337623497555791,0.003060228970975022,0.0016626260010637389,0.005685948269665253,-0.002256463351039374,-0.0021085253613575263,-0.0018484484951934704,0.002264436199866352,0.0051718103897689304,0.001542460534267707,0.0012914440980507198,-0.0008212976309535384,0.00188512145188501,-0.00028525365635670376
250.0,0.006272050910881826,0.003848297304014849,-0.0054714820390593865,0.0016931726236056974,-0.004930412827861867,0.002651590858023173,-0.004703762808813693,0.007774581571481309,0.0014979630016868353,-0.0013364088025026092,-0.0013302603631830574,-0.0004457215023066996,0.005141027207157608,-0.0023083474894759885,0.0034675115863322115,0.0017053919859773986,0.008835764989142701,-0.007897337523448084,-0.0002291853334584583,0.004379336627110987,-0.005635096659640635,0.006685131364769956,0.0016713785796435838,-0.0021068827979956223,-0.00244902257075477,-0.00055075037309782,0.0017824077826487249,-0.002123749879422607,0.002247926268708774,0.0009243103875681284,0.0010475154453757276
260.0,-0.0028843424303567006,0.0008488404430442287,0.0028762764368811477,0.002825862894221139,0.007454372955236506,-0.0038665607041691885,0.0038740107964816708,-0.00459034805996017,0.0012447882096519034,0.004229267371810913,0.00017499584341312789,0.0009907619274552133,-0.008781257020535522,-0.0038570447746262126,-0.0008388553599004362,0.0012911806722715358,-0.0064173103149143445,0.004905731121535603,-0.006946407338163957,-0.00443438195005211,0.0023917640802362133,-0.004565015821503856,0.001963876456821504,0.001121050587272514,0.0010148616901404716,-0.0053976319997540234,-0.0007514448118761322,0.00013674543878685344,-0.004044167298549795,-0.001750519719555744,-0.0031295636105905535
270.0,-0.0013252550130587431,-0.005223041785790796,0.0035798130444977456,-0.0025506970665770128,-0.004176787508912825,0.004154693745663857,-0.007861059587239948,0.0023151793374768742,0.002363643646983624,-0.0029319808010630256,0.0017310255983245893,-0.0010731566711068119,0.00601836050076839,0.005352283190193208,0.0036824812742540947,-0.002560048549706392,-0.000200018668228458,-0.00527000315989889,0.008677690833836172,0.0022001826080096615,-0.004046709720444426,-0.0011752934129540564,-0.0046694151969231806,0.0029256817885480297,0.00014606388066474047,0.002432767044453495,-0.0009205170576386483,0.0031291884365405582,-0.0004776382655475231,-0.002468332702807239,0.003786713710744971
280.0,0.007653818882814692,0.003032551957534021,-0.002925631406568289,-0.0013985441869359592,0.0022215337842743325,-0.0014280454252901893,0.005749208357286366,0.0012207299865288782,-0.005333919878867796,0.0024035223735070976,-0.00047094809323222994,-0.002642204144536099,-0.0056575077276014366,-0.0024406681978890914,-0.004717996392806826,0.0018034199794090679,0.0036490451967110954,0.006355590002806281,-0.006079567078976265,-0.001123030200489474,0.0050709122266748745,0.00358470149950155,0.003997868469936976,-0.0014988349156089128,0.004423891269007968,-0.0017323553206871113,-0.0024845711788136406,-0.0029876505299018374,0.004816209332090905,0.0009922550485884298,-0.00027494634534325305
290.0,-0.007625301959431208,0.006635769820361859,-0.0011106430813663415,6.548561243234552e-05,-0.004292484283374618,0.0005322487098795804,0.0032610339579908394,-0.007295691580704993,0.0009217724526635845,-0.004617602062880979,-0.0008492342193659224,0.005981680613647578,0.007668717872363051,-0.00033246197913162315,0.0007231694085258414,-0.0017148678797358253,-0.005618202620568187,-0.004628567045062857,0.004910414347966769,-0.0005918928336445037,-0.0018986529728202812,-0.0016945402157307805,-0.002708897771815284,0.0017190346243555865,-0.0052361610315231144,0.003024622386636253,0.0019641577824620403,-0.00011829862690333981,-0.0029017450039029035,0.003376246526795374,-0.00490966925869136
300.0,0.0037395664265470214,-0.008816360639890195,-0.00024598825064622853,0.003976423498629483,0.0029865402764819877,0.0006499690036698509,-0.0032272841705332507,0.007849587416308104,0.005372734185148479,0.0020835991897140654,0.00024099546942974142,-0.008647073123847736,-0.006528672889410937,0.0024732681433301948,0.005525375821386032,0.002064220621285441,0.004964862479850521,0.0034176573010822353,-0.003916567113447452,-0.0024241511718150607,0.0034189764509775468,0.00013441054050727263,0.0053794370356855525,-0.006410068905557136,-0.0008909171721612327,-0.002038391293964172,0.0029156649107174356,0.004187491726308305,-0.00039302353361326663,-0.002567086301158312,0.005667087347008424
310.0,-0.0012816959932216427,0.0046962209486081565,0.001038410997961204,-0.005566009748214883,-0.002797870644510532,-0.004203026822169271,-0.0025902060287239514,-0.006544221534821926,-0.006015323879031363,0.0018062946378608925,-0.002700028187929321,0.0064222774490058235,0.00404529027359944,-0.001135302079516722,-0.0074494253736065675,0.0015808773305408025,-0.0015572215415432362,-0.003180056442103011,0.003128953195199085,0.004513344995623837,-0.005966457516172826,0.0010029840105768438,-0.005292439512589434,0.003941522747539866,-0.00228218768218771,0.0036015083373203785,-0.0028689183911456075,-0.004150198398151647,-0.00021841998680429022,0.003300321940390787,-0.0012136124432386357
320.0,0.0011870553013780994,-0.0021798548079195543,-0.002827174127229807,0.0062704859493903625,0.0064673111246634106,0.004933892513691558,0.007243375855081516,0.005145558567142628,0.006703343683453821,-0.002108694059565882,0.002858813848121593,0.002352959449209007,-0.0043603151990746145,-0.00293138874722835,0.0028941982313352337,-0.000314224456613887,-0.0007871611391929845,0.0014392484333385427,-0.0018427505390646343,0.0012200178736010941,0.004533954065458416,-0.005348903284924913,0.00031493220507781,0.002382710010151961,0.010415858427054453,-0.00496199593275292,-0.00033799164195977743,0.0011789102425858937,0.000603154325570587,-0.0017514875935779482,-0.0034668911723125255
330.0,-0.001019135435937765,0.0011675791950205067,0.0047544375754514255,-0.0037135442309729778,-0.0023172065860128017,-9.969699869517734e-05,-0.0059770899507449226,-0.003940463844242711,-0.01000001370143409,0.0033630644944662746,-0.0013454699766887212,-0.008393140266187397,0.0052611987016060935,0.0038789574202502,0.0009948969857133407,-0.0025709171153116325,0.00084116359864714,0.00024068979524938694,-0.0010160926428364773,-0.007127915570037002,-0.005531347870154229,0.0055335114437810645,-0.0018994426300122786,0.0011650459270421544,-0.0076302696774736955,0.0014262075820978496,0.0018049610452545778,0.0012591589713018506,-0.0005279703125013942,-0.005276997665478039,0.0020816519181774463
340.0,0.0001769788709622666,-0.0008511026333783534,-3.15292506439524e-06,-0.004396126600848511,-0.00493109664353523,-0.0007616468916573721,0.003083397341190175,0.0056654543362746465,0.008993514194063334,-0.00457479588626996,0.004659970135940825,0.006669283567969898,-0.004080632297201411,-0.0011653305275479081,-0.0015415373935962523,0.0007679325893788413,0.0008706617377267205,0.0022446454147043945,0.0019454873995536604,0.0030625338824199566,0.008074209548877928,0.000779506978943414,0.0026102568833673667,-0.0015357159531415748,-0.00012663395294563778,0.0018021794327090918,-0.0002834855660027509,-0.0038864636293114508,0.0004364946630443853,0.007581614986364564,0.0030150311734451663
350.0,-0.0014455436007126694,0.00033917816955700953,-0.00514567236875289,0.007516018544028922,0.005893398815064826,-0.0022207976322085703,-0.0003303879557149575,-0.0011640849319011703,-0.004211171238390647,0.0037502707061312823,-0.0029650832871877877,0.001838412277538353,0.003324862794773016,0.0007807264254166664,0.003173399120043361,0.00028201941815988703,-0.0023669489137168333,-0.003947806417941069,0.0008583483185126536,0.003322384544735105,-0.00658568049663252,-0.002027951756741657,0.0032974487536968234,-0.003858492620946622,0.000708212173171669,0.0024559739026372746,0.0011729094368019433,0.004769654850680856,0.0033166809496199285,-0.0010064112442991768,-0.0024233983749310586
360.0,0.00097796990067804,5.655606441589758e-05,0.005732009070283885,-0.0028577906713703593,-0.0037260293564236515,-0.0016368861324920281,-0.0015016390643589998,-0.0010463217327339523,0.002197539450513172,-0.004123628275947822,-0.0017668635667149341,-0.008119733839027258,-0.004456338547653469,-0.0019913200508445946,-0.0013116245064515994,-0.0006297441628857606,-0.0010918308031146581,0.0021125019758215457,-0.0009867235271243241,-0.0015357177771790087,0.0026956824880550578,-0.00038842326454517075,-0.0051921927600957285,0.0041521276778506665,0.0018957151819537798,-0.00782465993969607,-0.003541149361652882,-0.0032554582497904393,-0.0037310668509089114,-0.007895975147081966,0.00028864682110182443
370.0,0.0010066764677654039,0.0008043261694195827,-0.00445229859759085,-0.0009496906625350401,0.0019129084002050512,0.00405761138350114,-0.002061892848340713,-0.002841300801770623,-0.0033739454570672544,0.005812693936762679,0.0014519947401954118,0.005953668654536935,0.005575522672887249,0.002937063509978951,-0.0013321835462253595,0.003414521223988965,0.0060578185220790896,-0.0017436285448662386,-0.0012295071138073667,0.0015503362604902624,-0.00045091990684146654,-0.0008049735101132932,0.0020555701353685723,-0.0053879014203189355,-0.0031445851058138365,0.004002566882776873,0.0006449055889043595,0.0024303752667932206,-0.000624513882571319,0.009549451902533963,-0.0016258658959521358
380.0,-0.0010345288243558254,-0.0003035175008975061,0.002013693628730346,0.002435653505516512,-0.0018130131326683575,-0.0008401028364951725,0.0012674204716614974,0.0038163955347051094,0.0025954623698728353,-0.0027686226823436487,-0.0016194934692283253,-0.0018239357723674621,-0.0070789666236001515,-0.0029376509914123133,-0.003021955570386288,-0.0024040465339796274,-0.0050870747893514735,7.541737031196927e-05,0.00046146087685671925,-0.0023950810858988595,-0.0009543071554450975,0.001319184828630781,0.002286948680878854,0.0048887038800475655,0.0027416393587169434,0.005153705702735413,-0.0005510800462567687,-0.003403778434535713,0.0013888234257618682,-0.004741316423278002,0.002446722346747356
390.0,0.0011976196810779495,-0.0014201107951247632,0.00043489916939917664,-0.0001931649769909352,0.0017601556170526917,-0.0019223775096973389,0.00017329754587188469,-0.006444054495683182,0.0009062156836176711,-0.00013007482017802718,0.0005531685850781276,-0.0012386400817591908,0.00537355040329516,-0.0006561744834207656,0.005255369982443108,-0.0031261045602105873,0.0018304772966425012,0.003153448303844047,0.00031984067474608415,-0.0028298341517626643,-0.00037727496881487927,0.0008934502277157367,-0.0027577131791168175,0.0002625680147250319,0.0023856630761318605,-0.0070166141524474444,0.000773475811320595,0.0013557473503022668,-0.002327742953891848,0.0009992664547097247,-0.0013797219972379313
400.0,-0.0018064146035075813,0.0018522733405976573,-0.0008062701357776681,-0.0025042241995372927,-0.00020536732263691737,0.0005972469611959908,0.003781131128030977,0.008171758197005866,-0.002974295803896574,-0.0003286488750128183,0.0007154987655334508,0.004329382093489727,-0.002040202750228888,0.0014714732364432982,-0.0017329621912052454,0.001261930464428979,0.0007553578986466317,-0.0006734822704371079,-0.003395351029119045,0.007726752803503438,0.002756758172183188,-0.0018557499956033691,0.0013709286559145412,-0.0020168911349884204,-0.0060263444684433825,0.00018321281137561763,0.002508430166603428,0.0024819942357672555,0.004020872687303077,0.0016397941445814679,-0.0009885725941579549
410.0,0.0015941008568067384,-0.002198776097511543,-0.0010625536746980632,0.001065124190059979,0.0010426772956785696,0.0022072310470666566,-0.0049796947903667154,-0.00330567089627678,0.005410829443538235,-5.086544909805785e-05,0.0011496045380025028,-0.005653640638609487,0.0005369246089729821,0.0008217271579863756,0.00016957498074341131,0.0022151703593339253,-0.0037481546246700887,-0.005829162138036477,0.004255779453651234,-0.005821334039025996,-0.0008360841501934801,-5.848581099564043e-05,-0.00338064761733895,-0.002269156795053755,0.0027966046643810565,0.0025885230537255246,-0.002456386806556152,-0.0019198727157244788,-0.0016789883824261725,-0.0019505496412344312,0.0013999761626237628
420.0,-0.00017339162105711696,0.0016891719898994124,0.001032229006532459,-1.1014975700803092e-05,-0.0017682170765144988,-0.000996444897702315,0.0029765547207835697,0.0003542398254277095,-0.007883964975019595,-0.0001768150237074931,-0.001421936619149895,0.0014068115317780183,0.004738275625908851,-0.0017974425887259087,-0.000621400293686749,-0.0012191174693796352,0.004617298432793386,0.00536821947712528,0.0006639531572243794,0.0011349897371737,0.001352260917583858,0.0010064403089501217,0.0038445571918320955,0.005204748022802944,0.0002690120728745926,0.0012997019726374867,0.0013503565101363102,-0.00021116399141002046,-8.449249055856297e-05,-0.0008960854947021524,0.0005750015382888779
430.0,-0.0022956927038918808,-0.00016131562961695296,0.0027977337939699832,-1.0269505946879366e-05,-0.0014367282962744875,-0.0019083968059176776,0.0018017146757483289,0.0016840031211947477,0.0070910611667879195,-3.391950402410804e-05,0.0001688282919453829,0.005254616540473203,-0.005293827624022212,0.001346884549230622,-0.0011673603937136631,0.002589972434797402,-0.001317542545504417,-0.0014780830352608932,-0.00363548375143723,0.0011181829362200608,-0.0024435640692605665,0.00023362472025462058,0.00023815582810619344,-1.0528260794670786e-05,0.003784854346494525,-0.0020037251444594544,-0.002862295756043676,-0.00036764027824346123,-0.00016664655172509536,0.0017071218617300777,-0.002295694130096759
440.0,0.0024259446744314826,0.0009088697478555727,-0.003971576026168823,-0.0008469472294045049,0.0027142004116570907,0.003022744330080841,-0.004612698320179712,-0.006577774072331585,-0.00405326646905859,-8.00968632248561e-05,-8.479848072439979e-05,-0.005980902664550877,4.398773651716537e-05,-0.00027687637944893485,0.0018994109029980106,-0.0018450994981847458,-0.0014268020269421477,0.0027868330950594706,0.001523756624126969,-0.0010310081479915595,-0.0014609369565639736,1.8893652846245085e-05,-0.0014771962559529312,-0.005140746334738686,-0.00785363157962609,-0.0010183606406603688,0.0043207097011407816,0.0034020612087475046,-0.0010361912102251469,0.0008343789216565936,0.0013947030649839377
450.0,-0.0008995161889764539,-0.002274492190620651,0.0007489176212579629,0.0015166627370681814,0.00018863552050982086,-0.0028731460180204684,0.0020360269074369748,0.004623642355281848,-0.0023628492238084893,-0.0014192536276987034,-0.0007510247080936583,0.002721189055931782,0.00011123826515390179,0.0003169584031693118,-0.0008763252596841131,-0.0009691389912249366,0.0011787841443159064,-0.0033457378383681194,0.0025418767472236443,-0.0007279135391747058,0.0029999794209436105,-0.001442821617262402,-0.0004118105178858818,0.003532346338507894,0.004802075753555828,0.0025141331732204566,-0.0015078570026638516,-0.00436489330917394,0.002284641565433453,-0.000548218497757213,0.0018302457783069563
460.0,0.0005468685902884238,0.0024262055836400172,0.0007495148925821806,-0.0005206732503679731,-0.0022388296973172264,0.0019497242303396095,0.0007824049201045838,-0.0006577148129093242,0.006916900904673479,0.003138949051301831,0.0025885931396400132,0.0010548023481286811,-0.0024912436118022354,0.0006186132745218054,0.00046174483590274247,0.001601227201554643,-0.0013081394904726298,0.0021874490597413336,-0.002786046736464549,0.0002925766595206425,-0.000396979317349479,-0.00034920846392001324,0.0004703208536871262,0.0004183941801616268,-0.0031308424293771454,-0.0010768852130646238,-0.0011641550791057554,0.0015007557523364914,-0.002442389626964589,-0.00163212276668308,-0.0023761104122582565
470.0,2.2425838544976318e-05,-0.002216097539240975,0.00024527679218831424,-0.0004403530840453751,-2.439821748279253e-05,-0.0023948988907554016,-0.0013977424813420218,0.0007607800198349929,-0.005925882691299125,-0.0015105775041678198,-0.0011188231822361187,-0.0013467793464409467,0.005224261408091073,-0.0018617476891197907,0.0012460243863635732,-0.0028517653703127523,-0.00037591605245076515,-0.00216575052482679,-0.0005631217990868182,-0.001293661723786524,-0.0012703224300441196,0.0030191601217086314,-3.73685062114984e-05,-0.003267186146141649,0.0053885502369104155,0.0005542258856088302,-0.0004800707067195186,-0.0004415295895992036,0.001380571244451911,-0.0007357581966559113,0.0003818363903045176
480.0,0.00042022367085660205,0.0009824831069965496,-0.0003309616397049028,0.0008853982523510948,0.001313796839987515,0.004373849549567553,0.0004740471555340345,2.0717062947987475e-05,0.0056342825154943755,-0.001237721257776564,-0.0013618591553897625,-0.0003771424256338368,-0.0028442152424601884,0.0017181087573477022,-0.0012662778726278145,0.0016470071608092954,0.0027625710027925888,0.0012113157258182394,0.003681160115075691,0.0028715342292878693,0.0011963968065300938,-0.0012181083872302091,5.629385138283816e-06,-0.0014044286747469095,-0.0025718970652296703,-0.001864311563915133,0.002389582497930757,0.0019113656046171686,0.0004106734459538586,0.0009214024264837343,0.001504952099043012
490.0,-0.0013871613041129577,0.0010009439774257408,0.0014815359036746709,0.001302076048230984,0.004053616309203705,-0.0042823516829054355,-0.002228520521991931,-0.0011158442092693234,-0.006191896625311435,0.0028870687201400093,0.00010840654847631052,-0.0018331440907781266,0.0020497517635894046,-0.0003052426964989274,0.0013856348452232306,0.0031590163599746913,-0.0010018230943828299,0.003088751852358247,0.0005249352532692667,0.002277156960293614,0.0013529662782179874,-0.0006532092836556857,-0.0008894546991865219,0.005743760698733107,-0.0034938758266334835,0.0006232616682672518,-0.0003878071632330544,-0.0006027775784819499,-0.0018837844535068552,0.0016312599093269175,-0.001412306352056919
500.0,0.001391281964778764,-0.0019558154186629,-0.00301695634900793,-0.003677303191039728,-0.008341232381270136,0.0033432736931431144,0.004529901940763251,0.001368404329681957,0.005900199556895227,-0.0029761663956596883,0.0015132582592407573,0.0037932956703548384,-0.0026958671514078505,-0.0007733835156840912,-0.0027617080675438922,-0.0057250980270072815,-0.001034738532136783,-0.006328621937838293,-0.005920829379973485,-0.006857553232016382,-0.003729743550921673,0.00035323458022685497,0.0017312923680913154,-0.004725764408255917,0.005756393898408987,0.001081681122026117,-0.0019024426494082783,-0.0014369669660602173,0.002729449325861471,-0.0018342017764938585,0.0003412650662673026
