Timestamp (uS),IMU1_AccX,IMU1_AccY,IMU1_AccZ,IMU2_AccX,IMU2_AccY,IMU2_AccZ,IMU3_AccX,IMU3_AccY,IMU3_AccZ
1,-8.30078,10.25391,1015.13672,-12.69531,-0.48828,1001.95312,-6.83594,0.48828,1007.32422
5472,-25.39063,-12.20703,1015.13672,-14.64844,4.39453,997.55859,6.83594,-5.37109,1010.25391
10539,-13.67187,13.67187,1027.83203,-1.95312,11.71875,1011.71875,-1.95312,-5.37109,1025.87891
15560,-2.44141,-3.90625,1015.13672,0.48828,-5.85937,1020.01953,-10.25391,-5.85937,1015.625
20546,-19.04297,9.27734,1020.99609,3.41797,1.46484,1015.625,-6.34766,-4.88281,1018.06641
25565,-0.97656,-3.41797,1013.67187,-11.71875,3.90625,1011.23047,-5.85937,2.92969,1028.80859
30556,1.95312,-9.27734,1022.94922,2.92969,4.39453,997.55859,-6.34766,4.88281,1010.25391
35544,-10.74219,-4.88281,1020.01953,-13.67187,-1.46484,1007.8125,-16.60156,-16.11328,1016.60156
40528,-3.41797,-5.85937,1018.55469,-2.92969,0.97656,1010.74219,-5.37109,1.46484,1013.18359
45548,-17.08984,-1.46484,1011.23047,-0.97656,4.39453,1002.92969,1.95312,-15.13672,1021.97266
50541,-13.18359,0.97656,1024.41406,-10.74219,1.46484,1018.55469,-1.95312,4.39453,1018.55469
55526,-11.71875,-0.97656,1024.41406,6.83594,1.95312,1005.37109,2.44141,1.95312,1025.39063
60518,-10.25391,1.95312,1011.71875,-0.48828,4.39453,1001.46484,-0.97656,-2.44141,1014.16016
65516,-6.34766,10.74219,1009.27734,-7.32422,1.95312,1005.37109,-6.83594,6.34766,1012.20703
70511,6.83594,2.92969,1012.69531,0.0,7.8125,1008.78906,-2.44141,6.83594,1014.64844
75503,-7.32422,9.76562,1019.04297,6.83594,-0.97656,1006.83594,5.37109,-5.37109,1008.78906
80492,-14.16016,1.46484,1012.20703,-0.97656,-4.88281,1011.71875,-1.46484,-3.90625,1019.04297
85518,-13.67187,8.78906,1014.64844,-8.78906,-7.8125,1008.78906,1.46484,-12.69531,1008.30078
90513,7.32422,8.78906,1023.4375,-12.20703,5.85937,1013.67187,-0.97656,8.30078,1005.37109
95510,-10.74219,12.20703,1011.23047,-11.71875,8.78906,1005.85937,-2.92969,-13.18359,1016.60156
100507,-7.32422,7.8125,1015.13672,-8.30078,-2.92969,1017.08984,-8.30078,-15.625,1020.01953
105501,-2.44141,11.23047,1013.67187,-6.34766,-6.34766,1002.92969,-8.30078,-9.27734,1011.23047
110493,9.27734,-3.90625,1014.64844,3.90625,2.44141,1010.25391,-4.39453,0.97656,1020.99609
115484,-8.30078,4.88281,1011.23047,-1.95312,15.13672,1002.92969,0.0,-6.34766,1018.06641
120472,-12.69531,1.46484,1012.69531,3.90625,5.37109,1020.99609,-9.27734,5.37109,1016.11328
125464,-5.37109,-2.92969,1016.11328,3.90625,-0.48828,1029.29688,19.53125,-6.83594,1022.46094
130465,-10.74219,10.25391,1010.74219,-1.95312,7.32422,1021.97266,3.41797,0.97656,1015.13672
135465,-10.25391,-0.48828,1015.13672,-4.88281,4.88281,1008.78906,1.95312,-13.67187,1009.76562
140466,-9.76562,-11.23047,1018.06641,-4.88281,3.41797,1011.23047,-8.78906,-3.41797,1009.27734
145467,-12.69531,-3.90625,1011.71875,5.37109,0.0,1007.32422,-10.74219,-10.25391,1016.60156
150468,-6.34766,0.0,1022.46094,-3.90625,9.76562,1003.90625,-9.27734,-11.23047,1018.55469
155470,-8.30078,7.8125,1020.99609,0.0,5.85937,1011.71875,0.48828,-9.76562,1022.46094
160466,-13.18359,3.41797,1022.46094,-14.16016,6.34766,1009.27734,12.20703,-4.39453,1012.69531
165506,2.92969,7.32422,1021.48437,3.90625,20.01953,1010.25391,9.27734,-3.90625,1011.23047
170507,-11.23047,15.625,1008.30078,0.0,6.34766,1007.32422,-4.39453,-2.44141,1018.06641
175499,-7.32422,9.27734,1013.18359,-1.95312,2.92969,1014.16016,-7.32422,-4.39453,1008.30078
180491,-6.34766,-5.85937,1021.48437,2.92969,1.46484,1006.83594,-5.85937,-12.20703,1025.39063
185489,-13.18359,-2.92969,1020.99609,-0.48828,15.13672,1011.23047,14.64844,-4.39453,1005.37109
190487,-15.13672,-8.30078,1013.18359,0.97656,-0.48828,1007.32422,-2.92969,-1.95312,1020.50781
195485,-0.48828,21.97266,1020.50781,-5.85937,-3.41797,1020.50781,2.44141,-0.48828,1017.08984
200484,-11.23047,3.90625,1023.4375,-9.27734,0.48828,1005.85937,-8.30078,2.92969,1018.55469
205473,-5.37109,11.71875,1016.11328,-9.76562,-1.95312,1008.30078,-10.74219,-8.30078,1016.60156
210462,-26.85547,7.8125,1028.32031,-3.41797,7.8125,1007.32422,-1.46484,-3.90625,1025.39063
215455,-11.71875,4.39453,1011.71875,-15.625,14.64844,1007.32422,-12.20703,-6.34766,1009.76562
220451,-6.34766,2.92969,1017.08984,-4.88281,-4.39453,1013.67187,2.92969,-10.74219,1019.53125
225447,-5.85937,6.34766,1017.08984,-5.85937,3.90625,1004.39453,-3.41797,-3.90625,1014.16016
230446,-9.27734,-0.97656,1011.71875,-12.20703,12.20703,1006.83594,15.13672,-9.76562,1006.83594
235446,2.44141,11.23047,1020.99609,-4.88281,5.37109,1004.39453,5.37109,8.78906,1014.16016
240449,-6.34766,1.46484,1015.13672,7.32422,3.41797,1000.0,10.25391,-2.92969,1018.55469
245447,-11.71875,-0.97656,1028.80859,-3.41797,4.88281,1020.99609,-6.34766,0.0,1001.95312
250444,-3.41797,4.39453,1011.23047,0.0,11.71875,1020.50781,-2.44141,-6.83594,1021.97266
255445,-3.90625,11.23047,1020.01953,-4.39453,4.39453,1007.32422,7.32422,-6.34766,1006.34766
260448,-17.57813,7.8125,1013.67187,-17.57813,2.92969,1020.01953,2.44141,-6.83594,1019.53125
265447,1.95312,14.16016,1014.64844,2.44141,8.78906,1012.69531,-16.60156,-2.44141,1015.13672
270447,-23.92578,10.74219,1012.20703,-5.37109,-0.97656,1017.57812,-5.37109,-8.30078,1022.94922
275447,-17.57813,-2.44141,1019.04297,4.39453,-4.88281,1006.34766,-18.55469,7.32422,1027.34375
280447,-11.23047,-2.92969,1019.04297,-2.92969,-5.37109,1019.04297,-6.83594,8.78906,1014.16016
285446,-9.76562,2.92969,1013.18359,4.88281,12.20703,1014.16016,3.41797,-11.23047,1021.97266
290450,-19.53125,4.88281,1022.46094,-0.48828,-1.46484,1003.90625,-5.37109,-5.85937,1017.08984
295448,-143.06641,-32.71484,1071.28906,-7.32422,12.69531,1012.69531,5.85937,10.25391,1016.60156
300448,-106.44531,12.20703,1006.34766,-1.95312,9.27734,1011.23047,-9.76562,-1.46484,1019.53125
305447,210.44922,-96.19141,1023.4375,-3.41797,1.95312,1006.34766,2.44141,-3.41797,1015.13672
310450,127.44141,-70.3125,1011.71875,2.44141,13.18359,1010.25391,0.97656,-14.16016,1022.94922
315449,14.16016,-3.41797,1019.04297,-4.39453,0.48828,1010.25391,-3.90625,-17.57813,1016.11328
320449,0.0,16.60156,1005.37109,-5.85937,4.39453,1001.46484,-3.90625,-8.30078,1017.57812
325509,0.0,-2.92969,1010.25391,-4.88281,9.76562,1000.0,-5.85937,-3.41797,1021.97266
330517,-7.32422,0.0,1020.01953,3.41797,14.64844,1002.92969,-9.76562,-7.8125,1011.23047
335520,-10.25391,-0.48828,1010.74219,0.97656,0.48828,1018.55469,-11.71875,3.90625,1023.92578
340522,-3.90625,8.78906,1013.18359,-4.88281,0.0,1016.60156,-13.18359,-14.64844,1014.64844
345520,-12.20703,16.11328,1017.08984,-2.92969,8.30078,1016.60156,4.88281,3.90625,1021.48437
350522,5.85937,3.41797,1029.29688,-1.46484,0.97656,1004.39453,-4.39453,0.0,1011.23047
355520,-10.25391,10.74219,1017.08984,-22.46094,5.37109,1008.30078,-2.92969,-3.41797,1019.53125
360520,-6.34766,0.97656,1003.90625,-10.25391,-2.44141,1013.18359,4.88281,-0.48828,1014.16016
365520,-7.8125,1.95312,1021.48437,-6.83594,3.90625,1016.60156,0.0,-8.78906,1019.04297
370520,3.41797,0.97656,1019.04297,-2.44141,2.92969,1006.34766,-4.39453,3.90625,1011.23047
375522,-17.08984,0.0,1010.74219,-3.41797,-11.71875,1005.85937,-9.27734,4.39453,1017.08984
380520,0.48828,8.30078,1013.67187,-5.37109,-1.95312,1000.0,-9.27734,-3.41797,1022.46094
385522,-8.30078,9.27734,1021.97266,1.46484,12.69531,1012.69531,-3.41797,-8.78906,1016.11328
390523,-21.48438,-19.04297,1020.50781,-5.85937,-4.39453,1011.71875,-8.30078,12.20703,1002.92969
395522,-7.32422,2.92969,1018.06641,-8.78906,0.48828,997.07031,-11.23047,-4.39453,1005.85937
400525,9.76562,26.36719,1013.67187,-10.74219,-6.34766,1012.20703,-6.34766,-6.83594,1022.46094
405528,0.0,10.25391,1021.48437,-7.32422,7.32422,1015.13672,1.46484,-13.67187,1017.57812
410528,1.95312,8.30078,1011.23047,0.97656,3.90625,1016.11328,-0.48828,-1.46484,1023.4375
415530,-4.88281,-6.34766,1016.11328,0.0,7.32422,1015.13672,-8.78906,-3.41797,1022.46094
420530,-12.69531,4.88281,1008.78906,-4.88281,-0.48828,1004.88281,14.16016,0.97656,1012.20703
425532,-6.34766,7.8125,1018.55469,-3.90625,6.34766,1005.37109,-4.88281,-4.39453,1024.41406
430535,-12.69531,6.83594,1020.99609,-10.74219,3.90625,1000.0,-5.37109,-6.34766,1010.25391
435535,-80.56641,24.41406,1012.69531,-16.60156,-3.41797,1007.8125,9.76562,-2.92969,1010.25391
440534,-19.53125,-15.13672,1024.90234,-1.95312,-15.13672,1009.76562,-9.76562,-1.95312,1019.53125
445537,1.95312,13.18359,1003.41797,0.0,4.39453,1015.625,-6.83594,-5.37109,1020.99609
450537,50.29297,-16.11328,1036.62109,-6.34766,-5.37109,1015.13672,2.44141,-1.46484,1012.69531
455539,42.48047,-25.87891,1031.73828,-0.48828,-12.20703,1013.67187,-1.46484,2.44141,1022.46094
460538,0.97656,-5.85937,1031.25,-9.76562,7.32422,1010.74219,-0.48828,-6.34766,1024.90234
465542,-2.92969,-0.97656,1012.69531,-8.78906,1.46484,1011.71875,-0.97656,0.97656,1032.71484
470544,-15.13672,-23.4375,1035.64453,-2.92969,-7.32422,1010.74219,-2.44141,1.46484,1017.08984
475545,8.78906,14.16016,1010.25391,-2.44141,-5.85937,1015.625,-2.44141,0.0,1024.90234
480543,-221.67969,-122.07031,924.31641,-0.48828,-5.37109,1003.90625,-4.39453,14.16016,1012.20703
485545,-44.92188,-8.30078,1008.30078,-6.83594,8.78906,1012.69531,-7.32422,-4.88281,1011.71875
490545,-61.52344,-6.34766,1007.32422,-12.20703,5.85937,1007.8125,-9.27734,-16.60156,1013.18359
495546,-3.41797,6.34766,1011.71875,-14.64844,-7.8125,1011.23047,-5.37109,-0.48828,1020.99609
500553,44.92188,-10.25391,1020.99609,-5.85937,-9.27734,1011.71875,-1.46484,-3.41797,1016.11328
505552,51.75781,12.69531,1006.34766,-7.32422,6.83594,1011.71875,14.64844,-9.76562,1018.55469
510558,33.20313,9.76562,1017.08984,-9.27734,-4.39453,1008.78906,-1.46484,-4.88281,1018.06641
515563,27.83203,19.53125,1006.34766,-20.99609,0.0,1006.34766,-6.34766,-0.48828,1020.50781
520558,-8.30078,-4.39453,1019.04297,-15.625,12.20703,1006.34766,-3.90625,-3.90625,1024.41406
525565,16.11328,18.55469,1019.53125,-5.37109,-1.46484,1013.67187,3.90625,-0.48828,1023.92578
530564,-4.88281,2.92969,1021.97266,-1.46484,12.20703,1013.18359,-8.78906,-13.18359,1015.13672
535563,-17.08984,1.95312,1017.08984,-11.23047,6.83594,1008.78906,-13.67187,0.97656,1022.94922
540565,-15.13672,7.8125,1016.11328,-7.32422,1.95312,1013.67187,-4.39453,-4.39453,1017.57812
545564,5.37109,3.90625,1022.46094,0.48828,9.76562,1007.8125,0.97656,-11.71875,1012.20703
550561,0.48828,13.18359,1017.57812,-4.88281,-0.97656,1006.83594,-9.27734,-15.625,1022.46094
555560,-7.32422,17.57813,1018.55469,7.8125,-4.39453,1018.55469,-3.90625,-1.46484,1012.20703
560568,27.83203,2.44141,1013.67187,-5.85937,1.46484,1009.76562,1.95312,-10.25391,1017.08984
565573,31.73828,0.48828,1028.32031,-0.97656,-3.41797,1013.67187,-1.95312,-7.32422,1024.41406
570574,-39.55078,-12.20703,1012.69531,9.76562,7.32422,1010.25391,-3.90625,-2.92969,1016.11328
575574,-16.11328,11.23047,1029.78516,-15.625,13.67187,1009.27734,-0.97656,-0.97656,1015.625
580573,49.31641,37.10938,1034.17969,-8.78906,-14.64844,1003.41797,0.97656,-9.27734,1020.01953
585574,-0.48828,25.87891,1007.8125,-3.41797,-5.37109,1018.55469,12.69531,-3.90625,1017.57812
590574,-73.73047,-17.57813,1017.57812,-7.8125,-1.95312,1008.78906,-5.37109,-13.18359,1020.50781
595574,29.29688,42.96875,1007.32422,0.0,6.83594,1011.23047,-5.85937,-13.67187,1019.53125
600572,-67.38281,-15.625,1024.90234,-12.69531,-5.37109,1011.71875,1.46484,-7.8125,1026.85547
605574,-39.55078,-11.23047,1021.97266,-9.76562,9.27734,1007.32422,-0.48828,-0.48828,1014.64844
610573,12.20703,11.71875,1024.41406,-7.8125,12.20703,1017.57812,-4.39453,-4.39453,1014.16016
615574,-22.46094,8.78906,1016.60156,-6.83594,3.41797,998.53516,-3.41797,-1.46484,1030.76172
620574,2.44141,12.69531,1026.36719,-4.39453,2.44141,1007.8125,4.88281,-7.8125,1011.23047
625573,18.55469,19.04297,1020.99609,-1.46484,3.90625,1027.34375,-6.83594,-8.30078,1021.97266
630574,-50.29297,-22.94922,1018.55469,-7.32422,-0.48828,1008.78906,-6.34766,-4.88281,1000.48828
635574,-6.34766,9.27734,1022.94922,7.32422,-0.97656,1016.60156,-9.27734,-0.48828,1012.69531
640573,-31.25,-10.25391,1017.08984,-14.16016,-0.97656,1014.64844,1.95312,3.41797,1021.48437
645691,-33.69141,-20.50781,1014.16016,-10.25391,-0.48828,1007.32422,7.8125,5.37109,1016.60156
650696,-29.29688,-17.08984,1017.57812,-4.39453,5.85937,1017.57812,2.44141,-12.20703,1018.06641
655696,-4.39453,0.48828,1022.94922,-6.83594,0.0,1012.20703,-5.37109,-7.8125,1009.76562
660695,-6.83594,3.90625,1014.16016,-0.97656,11.71875,1014.16016,2.44141,18.55469,1034.17969
665695,-1.46484,7.8125,1018.55469,-13.18359,2.92969,1003.90625,1.95312,6.34766,1020.50781
670695,0.97656,6.34766,1009.76562,2.92969,9.27734,1021.48437,7.8125,-3.41797,1010.25391
675695,-4.88281,-0.97656,1018.55469,-3.90625,6.34766,1015.625,-0.48828,-7.32422,1019.53125
680696,-10.25391,-6.34766,1013.67187,-13.67187,-0.97656,1001.95312,-16.11328,-3.90625,1019.04297
685696,-13.67187,-2.44141,1020.50781,-5.85937,15.625,1014.16016,-0.97656,-7.8125,1022.94922
690697,-21.97266,-9.27734,1021.48437,-8.30078,-1.46484,1010.25391,-5.37109,-4.88281,1011.71875
695697,-9.27734,9.76562,1031.25,-3.90625,-0.48828,1008.30078,-2.44141,-16.11328,1019.04297
700696,-3.90625,15.13672,1019.04297,2.92969,4.39453,1012.69531,-7.8125,0.0,1017.08984
705695,-11.71875,-0.48828,1026.36719,-6.83594,6.83594,1021.97266,-7.32422,-6.83594,1020.01953
710696,-9.27734,-8.30078,1022.46094,-5.37109,-0.97656,1016.11328,-1.95312,-8.30078,1016.60156
715696,-14.16016,1.95312,1023.92578,-9.76562,3.90625,1012.69531,-8.78906,7.32422,1018.06641
720696,1.46484,1.95312,1014.16016,6.34766,-10.25391,1016.60156,-5.37109,9.27734,1012.20703
725697,-19.53125,4.39453,1013.67187,-0.48828,-4.88281,1006.83594,-4.39453,-4.39453,1018.06641
730696,-2.92969,-1.95312,1028.32031,-7.8125,-5.85937,1008.30078,-3.41797,-4.39453,1022.94922
735700,-13.67187,0.97656,1014.16016,-1.46484,0.97656,1009.27734,-6.83594,-3.90625,1009.76562
740708,-13.67187,0.97656,1030.76172,-0.48828,4.88281,1004.88281,0.97656,-5.37109,1006.34766
745708,-33.20313,2.92969,1018.55469,-11.71875,-0.97656,1013.18359,-0.97656,8.30078,1020.01953
750710,-30.76172,17.57813,1012.20703,-20.01953,6.83594,1014.16016,10.25391,-12.69531,1020.50781
755711,11.71875,-12.69531,1020.99609,-0.97656,11.71875,1010.74219,-12.20703,-6.34766,1013.67187
760713,-12.20703,-7.32422,1017.57812,1.46484,-1.95312,1016.11328,-11.23047,3.90625,1020.01953
765714,-7.8125,8.78906,1035.64453,-6.83594,9.27734,1015.625,-8.78906,-11.71875,1016.60156
770722,2.44141,-4.88281,1020.01953,-6.83594,15.625,1004.39453,-11.71875,-9.27734,1021.97266
775729,0.97656,0.0,1019.53125,0.48828,8.30078,1001.95312,0.48828,0.48828,1024.90234
780733,-16.60156,0.0,1029.78516,-2.92969,-4.88281,1006.83594,4.39453,4.39453,1020.50781
785743,-15.625,7.8125,1021.97266,2.92969,3.90625,1015.13672,-8.78906,-2.92969,1021.97266
790758,-12.69531,-4.88281,1005.37109,-11.23047,2.44141,1009.76562,7.8125,-1.95312,1021.48437
795772,-11.23047,5.85937,1014.16016,7.32422,10.25391,1009.76562,-6.34766,-5.37109,1011.23047
800782,-14.16016,4.39453,1014.64844,0.0,12.69531,1011.23047,-10.74219,-11.71875,1016.60156
805785,-9.27734,-0.97656,1014.16016,-0.48828,-2.92969,1018.55469,-3.41797,6.34766,1022.94922
810798,-19.53125,-10.74219,1015.625,-3.41797,1.95312,1010.25391,-0.48828,6.83594,1009.76562
815811,-8.78906,4.88281,1020.01953,-3.41797,8.30078,1007.8125,3.90625,6.34766,1007.8125
820830,-5.37109,0.97656,1027.34375,-2.92969,3.90625,1013.18359,-15.13672,-7.32422,1005.85937
825842,-13.18359,-6.34766,1018.06641,-10.25391,-5.85937,1008.78906,-2.92969,-10.25391,1025.87891
830848,6.83594,-0.97656,1023.4375,-8.30078,3.41797,1009.27734,0.97656,7.32422,1011.71875
835859,-7.8125,-8.30078,1022.46094,3.41797,-3.41797,1010.25391,11.23047,-7.8125,1001.46484
840867,-10.25391,4.88281,1011.71875,-10.25391,-0.97656,1002.92969,1.46484,15.13672,1021.97266
845875,-10.25391,-3.90625,1025.39063,-0.48828,-8.30078,1003.41797,0.0,-5.85937,1007.8125
850887,-7.32422,11.71875,1014.64844,-0.97656,-3.41797,1010.74219,0.48828,-3.90625,1022.94922
855895,-4.39453,8.78906,1011.71875,-7.32422,2.92969,1005.85937,9.27734,-4.39453,1019.04297
860900,-20.01953,-3.41797,1018.55469,-3.41797,9.27734,1016.11328,-15.13672,10.25391,1014.16016
865914,-14.16016,-2.92969,1025.87891,-4.88281,19.53125,1010.25391,-7.8125,-9.76562,1008.30078
870923,-0.97656,8.30078,1022.46094,2.44141,8.30078,1008.78906,-13.67187,-7.8125,1015.13672
875932,-7.32422,4.39453,1023.92578,-7.8125,-11.71875,1020.01953,-7.32422,-5.37109,1015.13672
880943,-2.44141,5.85937,1029.78516,0.97656,2.44141,1016.60156,-11.23047,-0.48828,1029.78516
885948,-20.99609,-4.39453,1010.74219,-3.90625,-4.88281,1013.67187,-6.34766,3.41797,1022.46094
890948,-9.76562,-3.41797,1028.80859,-6.34766,1.95312,1009.27734,-3.41797,-6.34766,1011.71875
895950,-4.39453,10.74219,1020.99609,-9.27734,-0.97656,1012.69531,11.23047,-1.46484,1021.97266
900950,-12.69531,-2.44141,1029.78516,-7.8125,19.53125,1012.69531,1.46484,-8.78906,1002.92969
905951,-26.36719,9.76562,1015.13672,-3.41797,7.8125,1011.71875,-6.83594,-12.69531,1022.94922
910953,-4.39453,-5.37109,1011.71875,3.41797,19.53125,1029.78516,-13.18359,-15.13672,1014.16016
915953,-2.92969,5.85937,1018.06641,4.88281,1.46484,1000.97656,-6.34766,-4.88281,1009.27734
920953,4.88281,-21.97266,1011.71875,-4.88281,1.46484,1005.85937,-5.85937,-0.97656,1021.97266
925953,-10.25391,-3.41797,1020.50781,-7.32422,10.25391,1023.4375,6.34766,-16.11328,1020.01953
930953,-9.27734,5.37109,1016.60156,-4.39453,0.97656,1023.92578,1.46484,-9.27734,1015.13672
935953,-1.95312,-6.34766,1020.99609,-11.71875,0.0,1005.85937,-6.34766,-0.48828,1009.27734
940950,-8.78906,-0.48828,1021.97266,-11.23047,3.41797,1016.11328,-9.27734,-3.41797,1014.64844
945950,-28.32031,0.97656,1033.69141,2.92969,6.34766,1018.55469,10.74219,-4.39453,1017.08984
950950,-0.48828,6.34766,1021.97266,-1.95312,-4.39453,1012.20703,-4.39453,-5.85937,1005.37109
955953,-0.48828,9.76562,1027.83203,2.92969,3.90625,1013.18359,14.64844,-4.88281,1022.46094
960953,-12.20703,6.83594,1009.27734,5.85937,15.13672,1015.13672,0.48828,12.20703,1015.625
965953,-29.29688,7.8125,1024.90234,-11.23047,3.41797,1014.64844,-1.95312,10.25391,1017.08984
970953,-15.625,2.44141,1025.39063,7.8125,-4.88281,1019.04297,-5.37109,6.83594,1024.90234
975953,-2.92969,10.74219,1031.73828,-6.34766,0.97656,1023.92578,-9.27734,-9.76562,1014.64844
980953,-5.37109,0.0,1022.94922,-0.48828,-5.37109,1011.23047,-0.48828,5.85937,1003.41797
985953,-5.37109,7.8125,1013.67187,-11.71875,-8.78906,1002.44141,0.97656,-9.76562,1021.48437
990953,-8.78906,-2.44141,1027.83203,-19.53125,2.44141,1016.60156,-8.78906,-2.92969,1023.4375
995953,-13.67187,3.90625,1024.90234,-11.71875,6.34766,1011.23047,3.41797,-3.90625,1010.74219
1000953,-13.67187,1.95312,1016.60156,3.41797,8.30078,1009.76562,-9.76562,3.90625,1015.13672
1005953,-8.78906,-4.88281,1025.39063,-2.92969,21.97266,1018.06641,-8.30078,1.95312,1007.32422
1010953,-22.46094,-0.48828,1017.57812,-12.20703,8.30078,1008.30078,1.95312,3.41797,1010.74219
1015953,-24.41406,2.44141,1020.99609,0.97656,12.20703,1012.20703,-10.74219,-2.92969,1012.20703
1020953,4.39453,9.27734,1032.71484,-12.69531,6.34766,1020.99609,-0.48828,17.57813,1028.80859
1025953,-12.69531,-4.88281,1008.78906,-6.83594,-0.97656,1000.97656,-1.95312,-4.88281,1032.22656
1030953,-4.39453,9.27734,1010.74219,-11.23047,10.25391,1013.18359,2.92969,0.0,1022.94922
1035951,-2.44141,6.34766,1023.4375,-3.41797,7.8125,1020.99609,12.69531,12.69531,1016.11328
1040950,-10.74219,-0.97656,1005.85937,-0.48828,-0.48828,1013.67187,2.44141,-9.76562,1021.48437
1045953,-1.46484,8.78906,1035.15625,12.20703,-17.57813,1012.20703,-4.88281,2.44141,1019.04297
1050953,-9.27734,-4.88281,1015.625,1.46484,4.39453,1006.83594,-4.39453,5.37109,1002.92969
1055953,-20.01953,0.48828,1004.39453,-2.44141,13.18359,1005.37109,0.0,0.0,1011.71875
1060948,-9.76562,12.20703,1033.69141,-12.20703,-4.88281,1015.625,-8.30078,-1.95312,1021.48437
1065949,-10.25391,-6.34766,1030.27344,3.90625,2.44141,1009.27734,-5.37109,-1.46484,1020.50781
1070949,-20.99609,8.78906,1011.71875,-12.69531,-8.78906,998.04687,-16.11328,19.04297,1004.88281
1075950,-13.67187,8.78906,1006.34766,-8.78906,8.78906,1011.71875,2.44141,-7.32422,1026.85547
1080950,-7.8125,-22.46094,995.60547,-3.41797,-1.95312,1020.01953,-7.8125,-3.90625,1015.13672
1085951,7.8125,-5.85937,1004.88281,-4.39453,2.44141,1005.85937,3.90625,-3.90625,1017.57812
1090953,-12.69531,0.0,1028.80859,-8.30078,2.44141,1017.57812,-7.8125,-4.88281,1026.36719
1095950,-15.13672,8.78906,1015.13672,-13.18359,3.41797,1000.97656,-7.8125,-2.92969,1020.01953
1100951,4.39453,3.41797,1014.64844,-5.85937,5.85937,1008.78906,-7.32422,-11.71875,1012.20703
1105953,-10.25391,-4.39453,1021.48437,0.0,-6.83594,1000.48828,-5.85937,-14.64844,1015.13672
1110950,-22.94922,-6.34766,1021.97266,-3.41797,12.20703,1016.60156,-4.88281,1.46484,1023.92578
1115950,-6.34766,3.41797,1022.94922,-7.8125,-5.37109,1014.16016,-7.8125,-7.32422,1012.20703
1120953,17.57813,-9.27734,1016.60156,-2.92969,10.25391,1002.92969,-11.71875,-5.85937,1020.01953
1125953,-28.32031,2.44141,1029.29688,-8.30078,-1.95312,1014.64844,-1.95312,1.46484,1006.83594
1130953,-8.78906,0.97656,1021.97266,-1.46484,13.67187,1002.92969,-2.44141,-13.67187,1014.16016
1135953,-20.99609,-0.48828,1021.48437,2.92969,-2.44141,1001.46484,-3.90625,-2.44141,1016.60156
1140953,-19.53125,11.23047,1018.55469,-3.41797,2.44141,1014.64844,3.41797,-7.8125,1000.48828
1145953,-5.37109,-9.76562,1008.78906,-4.88281,2.44141,1010.25391,-3.90625,-4.39453,1016.11328
1150953,1.46484,4.39453,1023.4375,-8.30078,-6.34766,1024.41406,-10.74219,1.46484,1024.90234
1155953,-11.71875,-2.44141,1028.80859,-10.74219,7.8125,1019.04297,-1.95312,-9.27734,1029.29688
1160953,-13.67187,-0.97656,1018.06641,9.27734,8.30078,1014.16016,-3.41797,0.97656,1018.55469
1165953,-9.76562,11.71875,1016.60156,-2.92969,12.20703,1013.18359,-15.13672,-4.39453,1019.53125
1170953,-4.88281,2.44141,1020.01953,-13.67187,-3.90625,1021.97266,4.88281,-9.76562,1015.13672
1175953,-0.97656,2.44141,1022.46094,-4.39453,-8.30078,1012.69531,-12.69531,-12.20703,1023.92578
1180953,-8.78906,-10.74219,1023.92578,-5.37109,11.23047,1013.18359,-19.53125,-16.11328,1032.22656
1185953,-9.27734,0.48828,1028.80859,-2.92969,14.64844,1025.39063,-10.25391,-4.88281,1030.27344
1190953,-10.25391,-0.97656,1018.55469,0.48828,-8.30078,1006.34766,1.95312,-0.48828,1014.16016
1195953,-4.39453,-4.88281,1015.625,-12.69531,0.97656,1016.11328,-10.74219,-4.39453,1012.20703
1200953,-11.71875,4.88281,1016.60156,8.30078,10.25391,1009.76562,3.41797,1.46484,1027.83203
1205953,-13.18359,7.32422,1012.69531,-10.25391,1.95312,1020.99609,-0.48828,-2.44141,1006.83594
1210953,-8.30078,14.64844,1027.83203,5.37109,-5.85937,1017.57812,4.88281,-7.8125,1019.53125
1215953,-8.30078,0.48828,1021.48437,-0.48828,-2.44141,1007.8125,6.34766,-12.69531,1026.85547
1220953,6.83594,-4.88281,1015.13672,-9.27734,-1.46484,1024.90234,-8.78906,-12.20703,1008.78906
1225953,-17.57813,11.23047,1014.64844,-3.90625,1.95312,1023.92578,-0.97656,0.0,1023.92578
1230951,-10.25391,-7.8125,1019.04297,1.46484,-4.88281,1024.90234,-10.74219,-0.48828,1018.06641
1235951,1.95312,9.27734,1009.76562,-11.23047,4.39453,1010.74219,-14.64844,12.69531,1013.18359
1240953,-10.74219,2.44141,1023.4375,-2.44141,4.39453,1006.83594,-1.46484,-2.92969,1019.53125
1245953,-11.23047,4.39453,1028.32031,0.97656,11.23047,1011.71875,-0.97656,-5.37109,1028.32031
1250953,-15.625,-0.48828,1028.32031,-3.41797,4.39453,1004.39453,-7.8125,-7.32422,1011.23047
1255953,-14.64844,0.0,999.02344,2.44141,-2.44141,1012.69531,-0.97656,2.44141,1025.39063
1260950,-9.76562,11.23047,1030.76172,-9.76562,10.25391,1018.06641,-13.67187,-5.85937,1023.92578
1265951,-10.74219,-1.95312,1014.64844,5.37109,8.78906,1012.20703,1.46484,-3.41797,1008.30078
1270953,-16.11328,10.25391,1018.06641,-12.69531,1.46484,1016.60156,4.39453,-20.50781,1029.29688
1275953,-9.76562,-0.48828,1012.20703,-4.88281,-6.83594,1017.08984,-3.41797,2.92969,1020.99609
1280953,-15.13672,2.44141,1027.34375,-9.27734,2.44141,1011.23047,-6.83594,-2.92969,1015.625
1286223,10.25391,-0.48828,1018.06641,-13.67187,3.90625,1019.04297,-0.48828,8.30078,1013.67187
1291238,-20.50781,-2.92969,1021.48437,-14.16016,0.97656,1016.60156,-4.39453,13.18359,1020.50781
1296244,-23.92578,1.46484,1022.94922,0.97656,-7.32422,1018.06641,-1.46484,-1.46484,1027.83203
1301252,-18.55469,0.97656,1026.85547,-13.18359,-0.48828,1011.71875,-6.83594,4.88281,1023.4375
1306263,-67.87109,46.38672,1024.90234,-0.97656,-6.34766,1008.30078,-10.74219,0.97656,1021.48437
1311269,16.11328,-16.11328,1018.06641,3.41797,8.30078,1011.23047,-9.27734,-8.78906,1015.625
1316282,7.32422,-22.46094,1029.29688,-4.88281,7.32422,1012.69531,-2.44141,0.48828,1016.11328
1321283,3.90625,-4.39453,1020.01953,3.41797,14.16016,1014.16016,-2.92969,7.32422,1026.85547
1326283,4.39453,13.18359,1018.55469,-3.90625,-0.48828,1009.76562,0.97656,3.90625,1025.39063
1331293,-2.92969,4.39453,1028.80859,-4.88281,2.44141,1000.97656,-9.27734,-0.48828,1029.29688
1336307,-11.23047,-1.95312,1017.08984,10.25391,11.23047,1022.94922,15.625,-9.76562,1019.04297
1341315,5.85937,-4.39453,1020.01953,-6.34766,19.04297,998.53516,-11.71875,-1.95312,1012.20703
1346323,-5.85937,8.30078,1011.71875,-6.83594,0.97656,1012.20703,-8.30078,-2.92969,1022.94922
1351342,-17.57813,-6.83594,1022.94922,-17.57813,2.44141,1016.11328,-0.97656,-1.46484,1017.57812
1356355,-0.97656,14.64844,1012.20703,-10.25391,-6.34766,1018.06641,-2.92969,-15.13672,1014.64844
1361361,-18.06641,0.0,1016.11328,8.30078,6.83594,1024.41406,-2.92969,-12.20703,1025.39063
1366365,-14.16016,9.76562,1022.46094,0.0,-1.46484,1020.50781,-20.99609,-2.92969,1020.99609
1371364,-7.32422,1.46484,1020.99609,-1.46484,5.85937,1022.46094,-1.95312,0.97656,1024.90234
1376367,-21.48438,12.69531,1025.87891,-9.27734,1.95312,1017.57812,-5.85937,-8.30078,1028.32031
1381367,5.37109,5.85937,1017.08984,9.27734,4.39453,1002.44141,1.46484,0.48828,1024.90234
1386368,-10.25391,10.25391,1022.94922,-1.95312,-11.71875,1015.13672,0.0,9.27734,1012.20703
1391374,-10.74219,0.0,1022.46094,-12.69531,17.08984,1007.8125,0.48828,-6.83594,1026.85547
1396370,-14.16016,-7.8125,1021.48437,1.46484,-6.83594,1017.57812,0.0,11.23047,1000.48828
1401366,-8.78906,-0.48828,1021.97266,-6.83594,-6.83594,1011.71875,-1.95312,4.88281,1012.69531
1406369,-0.48828,-9.27734,1015.13672,-3.90625,9.27734,1021.48437,-6.34766,-15.625,1017.08984
1411370,0.48828,0.97656,1013.18359,-25.87891,0.0,1008.78906,12.69531,5.85937,1016.60156
1416368,-1.95312,12.20703,1031.73828,0.0,-6.83594,1027.83203,-8.30078,-1.95312,1019.53125
1421367,-31.25,19.53125,1019.53125,5.85937,10.25391,1017.08984,-1.46484,5.85937,1015.13672
1426368,-11.71875,-11.23047,1018.06641,0.0,-2.92969,1010.74219,9.27734,0.48828,1027.34375
1431368,-35.64453,19.04297,1016.11328,-3.41797,-12.20703,1019.53125,3.90625,-4.88281,1016.60156
1436368,-6.34766,11.23047,1025.87891,-13.18359,1.46484,1020.99609,-5.37109,3.90625,1014.64844
1441369,35.15625,-18.55469,1010.25391,3.90625,-5.85937,1005.85937,3.90625,0.48828,1017.57812
1446370,12.20703,-10.74219,1018.06641,2.44141,-1.95312,1022.46094,-13.18359,-15.13672,1019.53125
1451377,1.95312,-14.16016,1025.39063,-6.34766,7.8125,1006.34766,8.30078,-5.37109,1029.29688
1456382,-29.29688,20.99609,1031.25,-10.25391,-0.48828,1020.50781,5.85937,1.95312,1022.46094
1461384,-7.32422,-0.48828,1024.90234,-5.37109,4.88281,1012.69531,5.85937,3.41797,1017.57812
1466388,5.37109,-25.87891,1012.20703,-9.27734,3.41797,1007.32422,-19.53125,-16.11328,1018.55469
1471391,17.57813,-19.04297,1015.13672,10.25391,7.32422,1009.76562,0.48828,-2.92969,1015.625
1476399,5.37109,-19.53125,1013.18359,-2.92969,-4.88281,1000.48828,9.76562,4.88281,1016.11328
1481421,15.13672,-23.4375,1008.78906,5.37109,1.46484,1017.08984,0.97656,-46.875,1051.75781
1486441,-4.88281,-4.39453,1007.32422,-0.97656,2.92969,1008.78906,-8.30078,-73.24219,1023.92578
1491452,-1.95312,-12.69531,1007.32422,-9.27734,-3.41797,1016.11328,-11.23047,-4.39453,1025.39063
1496459,2.44141,-23.92578,1013.67187,-26.85547,153.80859,1016.60156,-5.37109,12.20703,1013.18359
1501471,-3.41797,-37.59766,1004.88281,14.16016,-7.32422,1010.25391,20.01953,23.92578,1029.29688
1506480,-5.85937,54.6875,1023.4375,-13.67187,6.34766,1021.97266,-24.41406,9.76562,1016.60156
1511487,14.16016,23.92578,1020.50781,-12.20703,-4.39453,1007.8125,15.625,-4.88281,1020.01953
1516500,-27.34375,82.03125,1025.87891,-19.53125,6.34766,1016.60156,-11.23047,-0.48828,1027.34375
1521508,75.68359,7.8125,1013.67187,0.48828,-30.27344,1019.53125,-5.85937,-19.53125,1019.04297
1526518,-24.90234,30.76172,1035.15625,3.41797,-31.25,1010.74219,-0.97656,-33.20313,1019.53125
1531528,-18.06641,17.08984,1021.48437,-26.85547,22.46094,1014.64844,-46.875,-0.97656,1023.4375
1536536,14.16016,-28.80859,1018.06641,-4.39453,-21.48438,1014.16016,-85.9375,-35.64453,1011.71875
1541544,14.64844,-55.66406,1021.48437,-7.32422,-12.69531,1001.46484,-0.97656,-31.73828,1021.97266
1546547,41.01563,-104.98047,1026.36719,3.41797,-11.71875,1014.16016,43.45703,1.95312,1041.50391
1551554,0.97656,-39.0625,1040.52734,1.46484,24.41406,1018.06641,-15.625,2.44141,1010.74219
1556561,-59.57031,-167.96875,999.02344,-22.46094,24.90234,1019.04297,-21.48438,-5.85937,1013.18359
1561560,-60.05859,-155.27344,1022.46094,-12.20703,-9.27734,1007.32422,-35.15625,-11.23047,1011.71875
1566570,-0.48828,-139.16016,1020.01953,-19.53125,24.41406,1017.57812,19.04297,-7.32422,1036.62109
1571575,62.98828,-142.08984,995.60547,-9.27734,7.8125,1017.57812,1.95312,-3.41797,1011.71875
1576575,-34.17969,633.78906,1019.53125,6.83594,-22.46094,1023.92578,-53.22266,8.78906,1041.50391
1581574,-139.64844,-216.30859,982.91016,7.32422,-6.34766,1013.18359,57.61719,-25.39063,1042.48047
1586574,-174.80469,68.35938,1026.85547,4.39453,5.37109,1019.53125,61.52344,3.90625,1020.99609
1591575,76.17188,-496.58203,923.33984,2.92969,-0.48828,1021.97266,12.20703,12.69531,1016.11328
1596575,-215.33203,618.16406,1208.49609,-4.88281,24.41406,1003.41797,5.37109,7.8125,1008.78906
1601578,-70.3125,-154.29687,1017.08984,-1.46484,-1.46484,1000.48828,-9.76562,-3.90625,1026.85547
1606578,371.58203,133.78906,917.48047,-8.78906,18.06641,1021.48437,-21.97266,-1.95312,1010.25391
1611579,-230.46875,140.13672,1130.37109,3.90625,6.83594,1023.4375,-15.13672,-10.25391,1035.15625
1616579,42.96875,-83.49609,1168.94531,-6.34766,13.67187,1012.20703,0.48828,1.95312,1023.4375
1621578,541.50391,-242.1875,957.03125,2.44141,15.625,1005.37109,-6.34766,-7.32422,1018.06641
1626579,8.78906,-420.41016,1020.01953,9.76562,-9.76562,1024.90234,16.60156,-14.64844,1021.97266
1631579,-40.52734,140.13672,1023.4375,7.8125,11.23047,1008.30078,-9.76562,-0.97656,1019.04297
1636579,-127.92969,-267.57812,1042.96875,10.25391,2.44141,1018.55469,6.83594,-7.32422,1024.41406
1641582,289.55078,-168.45703,979.49219,-4.88281,-1.46484,1001.95312,-0.97656,-1.95312,1025.87891
1646586,153.32031,175.78125,873.53516,-9.27734,5.85937,1003.41797,5.85937,0.0,1017.08984
1651584,-2.92969,-4.88281,995.11719,2.44141,11.23047,1009.27734,-5.85937,-2.92969,1018.06641
1656589,167.96875,-251.46484,917.48047,5.37109,3.41797,1014.64844,-11.71875,0.97656,1022.46094
1661607,-597.16797,232.91016,1115.72266,13.67187,7.8125,1011.23047,-12.20703,8.78906,1015.13672
1666635,625.0,-248.04687,971.19141,-10.74219,4.88281,1014.64844,0.97656,-6.34766,1022.94922
1671640,-653.80859,-458.98437,957.51953,6.83594,2.92969,1026.36719,-2.92969,-8.30078,1017.57812
1676656,301.75781,137.20703,1083.00781,-2.92969,-4.39453,1004.88281,14.64844,-18.06641,1014.64844
1681671,146.97266,40.03906,827.14844,7.32422,14.16016,1016.11328,2.92969,5.37109,1017.57812
1686686,-7.8125,126.46484,984.86328,0.97656,0.97656,1015.13672,-1.95312,-5.85937,1012.20703
1691695,-118.65234,-748.04687,1030.76172,4.88281,1.95312,1000.48828,-3.41797,-8.30078,1000.97656
1696703,183.10547,-278.32031,943.35937,-2.44141,12.20703,1007.32422,-28.80859,-20.01953,1027.83203
1701711,361.81641,-422.36328,941.40625,0.97656,7.32422,1030.27344,-6.34766,1.95312,1017.08984
1706717,-726.07422,471.19141,1051.75781,-2.92969,9.76562,1009.27734,-3.41797,-0.48828,1014.64844
1711726,36.62109,91.30859,1101.5625,-10.25391,6.34766,1016.11328,-17.57813,-7.8125,1025.39063
1716734,118.65234,-562.5,915.03906,4.88281,11.23047,1019.04297,-14.16016,-0.48828,1022.94922
1721752,8.78906,375.97656,1043.94531,0.97656,0.48828,1018.06641,12.69531,43.94531,979.00391
1726768,-69.33594,1769.04297,1173.33984,-4.88281,3.41797,1020.01953,5.37109,-2.92969,1004.88281
1731782,-479.00391,531.25,1062.01172,-1.95312,0.97656,1007.8125,-16.60156,9.27734,988.28125
1736788,339.35547,263.67187,980.46875,6.83594,3.90625,1004.39453,-3.90625,-1.46484,1021.48437
1741801,-703.61328,-180.17578,931.64062,4.39453,-0.97656,1009.76562,-12.20703,-5.37109,1019.04297
1746817,377.44141,958.00781,1090.33203,-6.34766,9.76562,1009.76562,-23.92578,-13.67187,1013.67187
1751831,4.39453,-450.19531,1029.78516,-5.37109,11.71875,1016.11328,12.20703,-6.34766,1022.46094
1756842,-324.70703,-426.26953,942.87109,-4.39453,-0.97656,1010.74219,7.32422,14.64844,1004.88281
1761854,241.21094,-485.83984,1096.67969,-11.71875,2.92969,1004.39453,-20.50781,-34.17969,1035.64453
1766861,-316.89453,-1039.55078,770.01953,0.0,8.78906,1009.76562,28.32031,17.08984,1064.45313
1771866,34.17969,-770.99609,1067.87109,-0.48828,6.83594,1028.32031,-63.96484,-43.45703,1042.96875
1776875,-615.72266,-434.57031,777.34375,1.46484,1.46484,1017.08984,-44.43359,-21.48438,998.04687
1781888,-643.06641,-357.91016,743.65234,-5.85937,2.92969,1008.78906,-8.78906,8.30078,1038.08594
1786898,744.14062,-980.95703,970.70312,-2.44141,8.78906,994.14062,36.62109,6.83594,1034.66797
1791911,-154.29687,-200.19531,1165.52734,-11.23047,2.44141,1020.01953,8.30078,5.85937,1012.20703
1796921,-509.27734,-357.91016,947.26562,-3.41797,-2.92969,1017.57812,-18.06641,-6.83594,988.28125
1801932,-187.98828,1999.93896,929.19922,-6.83594,6.34766,1026.85547,-12.69531,-0.48828,1005.37109
1806944,-42.96875,189.94141,1274.41406,5.37109,5.85937,1013.18359,-4.88281,-5.85937,1009.76562
1811950,-101.5625,41.99219,967.77344,-9.76562,-1.46484,1012.20703,-5.37109,-11.23047,1036.13281
1816951,-192.38281,6.34766,1140.13672,-1.46484,1.95312,1007.8125,6.83594,-2.92969,1017.57812
1821953,134.76562,-929.6875,983.39844,-22.46094,5.37109,1001.95312,-4.39453,-1.46484,1021.48437
1826954,259.27734,-550.78125,986.32812,10.74219,-8.78906,1006.34766,-21.97266,-7.32422,995.11719
1831956,-49.80469,701.66016,1041.50391,-8.78906,-7.32422,1030.27344,11.23047,-5.85937,1038.57422
1836957,-102.05078,-34.66797,1052.73438,9.76562,-9.27734,1018.06641,-15.13672,-8.78906,1002.44141
1841961,-349.12109,273.92578,1031.25,-14.16016,-5.37109,1019.53125,1.95312,9.27734,1017.08984
1846967,118.65234,-349.12109,1236.32813,-9.76562,0.0,1016.11328,-6.83594,2.44141,1004.39453
1851973,-151.36719,-1500.0,1085.44922,-8.30078,2.44141,1002.44141,-11.71875,-12.20703,982.91016
1856973,-1499.02344,-1095.70313,939.94141,-2.92969,0.97656,1011.23047,11.71875,5.85937,1024.90234
1861973,-258.30078,1638.18359,1284.66797,-14.64844,1.95312,1020.99609,-3.90625,-15.13672,1033.69141
1866973,-13.67187,-19.04297,1393.55469,5.85937,6.83594,1001.46484,3.41797,-0.97656,990.72266
1871973,-31.25,-76.17188,1005.85937,-3.90625,2.92969,1011.71875,-15.13672,-11.71875,1016.11328
1876973,833.00781,174.31641,1591.79688,11.23047,2.92969,1027.34375,-10.74219,-2.92969,1014.64844
1881973,408.20312,91.79688,987.30469,-4.39453,5.85937,1011.71875,-21.97266,-7.8125,1015.13672
1886973,-260.25391,-52.24609,1089.84375,-6.34766,12.69531,1019.04297,0.0,-8.30078,1023.92578
1891971,56.15234,-171.875,914.0625,5.37109,10.25391,1010.74219,-9.27734,6.34766,1018.55469
1896972,-733.39844,-69.33594,989.74609,-2.44141,0.0,1024.41406,-8.30078,-3.90625,1011.23047
1901967,-104.49219,396.48437,1014.64844,10.25391,17.08984,1016.11328,2.44141,-14.64844,1016.11328
1906968,60.54688,-5.85937,1142.57813,-0.48828,8.78906,1012.69531,-6.34766,0.97656,1030.76172
1911967,79.58984,393.06641,1010.25391,11.23047,-7.8125,997.07031,0.0,-14.16016,1017.57812
1916965,-94.23828,101.5625,1018.55469,-3.90625,15.13672,1019.53125,-1.46484,-10.25391,1017.57812
1921965,-142.57812,238.28125,1062.01172,2.92969,7.8125,1014.16016,-7.32422,-7.32422,1010.74219
1926966,-33.20313,55.17578,1012.69531,-5.85937,12.20703,1019.04297,-3.41797,-7.8125,1022.46094
1931966,-21.97266,52.24609,1015.13672,-3.41797,2.92969,1019.53125,-8.30078,-3.41797,1010.74219
1936972,-28.32031,45.41016,1013.18359,10.25391,4.39453,1014.16016,-6.83594,-4.88281,1015.13672
1941972,-16.11328,17.57813,1011.23047,-8.78906,-0.48828,1015.625,0.97656,-0.97656,1015.625
1946972,1.95312,-4.39453,1020.01953,-7.32422,0.48828,1010.25391,4.39453,-0.48828,1017.57812
1951972,-14.16016,13.67187,1015.625,1.46484,4.88281,1004.88281,-7.32422,-9.27734,1026.36719
1956972,-6.34766,-1.46484,1024.90234,0.48828,8.78906,1021.97266,-3.90625,1.46484,1023.4375
1961972,-10.74219,4.39453,1018.06641,-4.39453,8.78906,1010.74219,-3.41797,-6.83594,1013.18359
1966972,-6.83594,-5.37109,1040.52734,-15.625,-1.46484,1016.60156,-3.90625,-5.37109,1032.22656
1971972,-13.18359,0.48828,1014.16016,-1.95312,11.71875,1008.30078,-13.18359,0.0,1021.48437
1976970,-1.95312,-9.27734,1014.64844,4.39453,8.78906,1010.25391,0.48828,-0.48828,1011.71875
1981971,-7.32422,-0.97656,1012.20703,1.46484,16.60156,1015.625,-4.88281,7.8125,1020.50781
1986972,-0.97656,7.8125,1039.55078,-19.53125,2.44141,1015.625,4.39453,4.39453,1018.06641
1991972,-9.76562,1.46484,1020.99609,-9.27734,6.83594,1018.06641,-0.97656,1.46484,1022.46094
1996972,-20.01953,0.48828,1018.55469,1.46484,2.44141,1014.64844,-10.74219,6.34766,1025.87891
2001972,-26.85547,2.44141,1016.11328,-1.46484,11.71875,1018.06641,-3.41797,-1.95312,1024.90234
2006971,-54.19922,16.60156,1019.53125,-0.97656,-8.30078,1011.23047,1.46484,-3.90625,1024.90234
2011972,-29.29688,-6.83594,1003.90625,6.83594,12.20703,1014.16016,-13.67187,-13.18359,1022.94922
2016972,-27.83203,1.46484,1029.78516,-0.97656,-6.34766,1008.78906,-6.34766,0.0,1008.30078
2021969,36.62109,1.95312,1022.46094,2.44141,0.97656,1005.85937,-5.85937,1.95312,1006.34766
2026968,-33.20313,-13.67187,996.58203,-3.41797,11.23047,1005.85937,-10.25391,-3.41797,1008.30078
2031968,20.99609,-13.67187,1023.4375,-3.90625,2.44141,1020.01953,1.95312,0.97656,1000.97656
2036968,-98.14453,38.57422,998.04687,-1.46484,10.25391,1013.18359,-9.76562,0.48828,1019.04297
2041967,62.98828,-16.60156,1017.08984,-4.88281,-3.41797,1009.27734,-8.78906,2.92969,1028.32031
2046967,-95.70313,36.13281,1015.625,-9.27734,0.97656,1012.20703,-0.97656,0.0,1019.04297
2051965,417.96875,-124.51172,1077.63672,-3.90625,-10.25391,1020.50781,-8.30078,6.34766,1021.48437
2056966,118.16406,-15.13672,1050.78125,0.48828,5.37109,1018.55469,-7.8125,0.0,1022.94922
2061970,-142.57812,85.44922,1012.20703,-5.85937,2.44141,1006.34766,-17.57813,-7.8125,1015.13672
2066968,-206.54297,5.37109,1012.20703,2.44141,20.50781,1020.99609,1.46484,5.37109,1021.48437
2071968,-322.26562,222.16797,998.04687,17.08984,16.11328,1011.71875,13.18359,4.88281,1033.69141
2076968,-7.8125,-56.64063,1009.76562,-6.83594,12.69531,1016.11328,-5.85937,2.44141,1022.94922
2081967,-46.38672,-11.23047,1053.71094,7.8125,-3.90625,997.07031,-10.74219,3.41797,1012.69531
2086967,-226.5625,204.58984,1027.34375,2.92969,-12.20703,1022.46094,4.39453,-14.16016,1013.18359
2091968,1251.46484,-494.62891,994.62891,-5.85937,3.41797,1014.16016,-7.32422,-0.48828,1032.71484
2096968,-242.67578,119.62891,1022.94922,1.46484,1.95312,1013.67187,-8.78906,-2.92969,1020.50781
2101967,-430.66406,208.49609,978.51562,8.78906,1.95312,1004.88281,10.74219,0.97656,1021.48437
2106968,-503.90625,239.74609,932.12891,-4.39453,7.8125,1024.90234,-8.78906,-9.76562,1017.57812
2111967,532.22656,-432.12891,1083.49609,-5.85937,7.32422,1018.06641,0.97656,7.32422,1014.64844
2116968,0.48828,-194.82422,1069.33594,-9.76562,-8.78906,1009.27734,0.0,-2.44141,1021.48437
2121965,221.19141,-147.94922,1220.70313,-4.39453,3.90625,998.53516,-16.60156,-7.8125,1014.64844
2126971,-479.00391,157.71484,911.13281,-4.88281,7.8125,1012.69531,3.41797,-1.95312,1026.36719
2131972,222.16797,224.60937,1087.40234,-4.88281,7.32422,1008.30078,6.83594,0.0,1012.20703
2136970,62.01172,-212.40234,996.09375,5.37109,0.0,1008.78906,-7.32422,-11.71875,1019.04297
2141965,1023.4375,250.0,1078.61328,-11.23047,-2.92969,1019.04297,-4.39453,0.0,1008.30078
2146964,839.84375,726.5625,1083.00781,-6.34766,4.88281,1016.60156,-3.41797,-9.76562,1050.29297
2151972,-661.13281,-819.82422,1116.21094,10.25391,-11.71875,1010.74219,41.50391,3.90625,1102.53906
2156971,-130.85937,614.25781,967.77344,2.92969,-7.32422,1008.30078,-31.25,-21.48438,1032.22656
2161971,-372.55859,498.04687,893.06641,6.34766,12.69531,1011.71875,0.0,1.46484,1023.92578
2166970,-114.25781,209.47266,943.84766,-1.95312,4.39453,1004.39453,-5.85937,6.34766,999.02344
2171968,38.08594,285.64453,1018.55469,3.41797,-1.95312,1011.71875,-25.39063,-34.17969,1034.17969
2176968,108.39844,439.45312,966.79687,10.74219,3.41797,1003.41797,-6.83594,24.41406,1028.80859
2181967,237.30469,650.87891,1022.46094,-1.46484,11.71875,1023.92578,-43.94531,-33.20313,1001.46484
2186968,298.33984,254.39453,997.55859,-11.23047,6.34766,1028.80859,-14.64844,-13.18359,1004.88281
2191968,-144.04297,690.42969,983.88672,-20.01953,-5.37109,1002.44141,-2.92969,-13.18359,981.93359
2196968,344.72656,40.03906,992.67578,-3.90625,10.25391,1012.69531,-1.95312,8.30078,1017.57812
2201967,-275.87891,162.59766,1069.33594,-6.34766,9.76562,1023.4375,-16.60156,-21.97266,1018.55469
2206967,-262.69531,515.625,1040.52734,-14.16016,6.34766,1009.76562,20.01953,7.8125,1013.67187
2211968,329.58984,-208.49609,1323.24219,0.97656,1.95312,1011.23047,-14.64844,-19.04297,1008.30078
2216968,-898.92578,152.34375,1003.90625,-8.30078,-0.97656,1017.57812,-29.29688,-17.57813,1021.97266
2221967,233.88672,-52.24609,932.12891,-3.41797,1.95312,1003.90625,16.11328,13.18359,1020.99609
2226968,-1485.83984,-741.69922,1133.30078,-9.76562,-1.46484,1007.32422,-2.92969,-8.30078,1016.11328
2231967,96.19141,-735.83984,1192.38281,-11.71875,5.37109,1022.94922,-37.59766,-3.90625,1011.23047
2236968,127.44141,-305.66406,1134.76563,3.90625,2.92969,1019.04297,-2.92969,13.18359,1031.73828
2241967,253.90625,79.58984,999.02344,-4.88281,0.0,1011.71875,-11.23047,-0.97656,1005.85937
2246966,-205.56641,-20.01953,1020.01953,-7.32422,11.71875,1020.50781,5.37109,11.23047,1019.04297
2251966,354.98047,11.23047,1034.66797,1.95312,-6.83594,1004.88281,-4.39453,2.92969,998.04687
2256973,16.11328,312.98828,1016.11328,1.95312,7.32422,1022.46094,-3.41797,10.74219,1026.36719
2261972,44.92188,-254.88281,1032.71484,-3.41797,3.41797,1007.8125,6.34766,-4.39453,1024.41406
2266972,-710.44922,-195.3125,1076.17188,3.90625,6.83594,1018.55469,-5.37109,-1.46484,1017.08984
2271973,649.41406,-228.02734,1082.51953,3.90625,-4.39453,1008.30078,-0.97656,-1.46484,1021.97266
2276973,-17.57813,-432.61719,1029.78516,-13.67187,0.0,1001.95312,2.92969,-9.76562,1014.64844
2281970,-1.46484,-25.87891,1177.24609,5.37109,1.46484,1012.20703,6.34766,2.92969,1010.74219
2286968,-309.57031,613.28125,1063.47656,1.46484,-2.44141,1008.30078,-8.78906,7.32422,1010.25391
2291968,-921.875,1999.93896,1022.46094,-0.48828,5.85937,1012.20703,0.0,3.41797,1035.64453
2296965,206.54297,-104.49219,1037.10938,-5.37109,15.625,1009.27734,7.8125,-9.76562,1012.69531
2301972,791.50391,53.22266,886.23047,2.92969,-7.32422,1001.46484,-11.23047,-6.34766,1004.39453
2306972,-2000.0,1999.93896,759.76562,10.25391,4.39453,1005.37109,3.41797,-7.32422,1019.04297
2311972,162.10937,-882.8125,1027.34375,0.0,1.95312,1012.20703,-1.46484,-8.78906,1003.90625
2316969,436.03516,-766.11328,979.98047,3.90625,8.78906,1008.30078,-15.625,-1.46484,1011.23047
2321967,-411.13281,14.16016,1059.08203,5.37109,3.41797,1013.18359,-6.83594,-0.48828,1021.48437
2326968,1749.51172,-234.375,902.83203,-1.95312,3.41797,998.53516,-11.71875,6.83594,1016.11328
2331968,594.23828,-359.375,1020.01953,2.92969,4.39453,1012.69531,-7.32422,5.85937,1018.55469
2336967,-1397.46094,885.74219,1019.53125,14.64844,4.39453,1011.23047,2.44141,-2.44141,1020.01953
2341967,434.08203,-332.03125,1007.8125,1.95312,3.41797,996.09375,0.97656,-4.39453,1014.64844
2346967,-1997.07031,847.65625,1109.86328,-12.20703,11.23047,1003.41797,-17.08984,4.39453,1012.69531
2351966,567.38281,-491.21094,957.51953,3.41797,6.83594,1018.06641,2.44141,-9.27734,1034.17969
2356972,-1735.35156,699.70703,1038.57422,14.64844,-5.37109,1017.08984,-6.83594,-7.8125,1005.37109
2361972,291.50391,-582.51953,1005.37109,-3.41797,6.34766,1013.18359,-3.90625,6.34766,1016.60156
2366972,1078.125,-887.20703,1008.78906,2.44141,7.32422,1022.94922,-6.83594,-14.16016,1016.60156
2371972,-435.54687,536.62109,1022.46094,0.97656,3.41797,1003.90625,-4.39453,-6.34766,996.58203
2376973,-1458.49609,1802.24609,1264.16016,3.41797,4.39453,1014.64844,-6.83594,0.48828,1011.71875
2381972,949.21875,-443.35937,1040.52734,7.8125,0.97656,1023.92578,-0.48828,4.39453,1017.57812
2386972,-1975.58594,1868.65234,731.93359,-5.85937,3.41797,1001.95312,5.85937,0.48828,1000.0
2391973,77.63672,-356.44531,1007.32422,1.46484,17.08984,1021.97266,-7.32422,-13.18359,1014.64844
2396973,-2000.0,572.26562,1095.21484,0.48828,-0.48828,1021.48437,-21.48438,-7.32422,1000.0
2401973,-68.35938,64.94141,1019.53125,0.0,13.67187,1009.76562,-2.92969,-2.92969,1015.625
2406969,123.04688,-426.26953,1058.59375,-14.16016,3.90625,1014.64844,-15.13672,-4.39453,1030.76172
2411968,-289.55078,976.5625,971.67969,3.41797,7.32422,1004.88281,-1.95312,-7.8125,1018.55469
2416968,-420.41016,-111.81641,1016.60156,-2.92969,2.92969,1026.85547,-2.44141,2.44141,1038.08594
2421967,26.36719,-888.67187,1024.90234,1.46484,2.44141,1024.90234,-21.48438,8.30078,1032.22656
2426973,385.25391,-15.13672,1002.44141,-1.46484,3.41797,1014.64844,1.46484,-6.34766,990.23437
2431973,-33.20313,222.16797,1008.78906,-15.625,-1.46484,1012.20703,-7.32422,-3.90625,1024.90234
2436974,36.62109,-492.1875,1038.57422,3.90625,-4.88281,1018.06641,2.92969,4.88281,1019.53125
2441973,412.10937,328.61328,1045.41016,0.48828,-14.16016,1000.97656,-1.46484,-0.97656,1008.30078
2446973,21.97266,289.55078,958.00781,6.34766,9.27734,1010.74219,-5.85937,-10.74219,1020.50781
2451973,62.98828,18.55469,976.5625,1.95312,-0.48828,1016.11328,4.39453,3.41797,1040.52734
2456973,-439.45312,68.84766,1006.34766,5.85937,12.69531,1010.74219,-12.69531,2.44141,1016.11328
2461973,-41.01563,-300.29297,1026.36719,2.92969,1.95312,1023.92578,-1.46484,-16.11328,1025.87891
2466973,486.32812,325.68359,985.35156,-1.46484,7.8125,1022.94922,-13.18359,-8.30078,1013.18359
2471973,23.4375,-98.63281,1017.08984,-2.92969,2.44141,1002.44141,-11.23047,-8.78906,1012.69531
2476973,-740.23437,46.875,981.93359,2.92969,-2.44141,1003.90625,-5.85937,-5.85937,1034.17969
2481973,-55.17578,164.0625,1033.69141,0.0,0.97656,1014.64844,-11.23047,-0.48828,1025.39063
2486973,-28.32031,-94.23828,987.79297,-0.97656,-3.41797,1010.25391,-15.13672,2.44141,1016.11328
2491973,1198.24219,-11.71875,1100.09766,0.97656,0.48828,1011.23047,5.37109,-0.48828,1021.97266
2496974,-437.5,-269.04297,1180.66406,-11.71875,-2.92969,1004.88281,-6.83594,-0.97656,1030.76172
2501972,81.05469,-348.14453,994.62891,-1.46484,-3.90625,1010.25391,-0.97656,1.95312,1027.34375
2506973,615.23437,264.64844,801.26953,3.41797,3.90625,1014.64844,-5.37109,-4.88281,1031.25
2511973,-724.12109,255.85937,1007.8125,5.37109,14.16016,1012.20703,-14.16016,6.83594,1018.55469
2516973,295.41016,-130.85937,1012.69531,-2.44141,-7.8125,1014.16016,6.83594,-1.95312,1028.80859
2521973,952.14844,-52.24609,1033.69141,8.30078,-0.97656,1013.18359,-5.37109,-5.85937,1014.64844
2526973,1125.97656,669.92187,880.85937,8.30078,-4.39453,1028.80859,-13.67187,-8.30078,1023.92578
2531973,411.13281,579.58984,944.82422,8.78906,4.88281,1022.46094,-9.76562,-6.83594,1016.60156
2536973,-376.95312,-376.46484,1090.82031,1.95312,3.41797,1006.83594,-3.90625,5.37109,1020.50781
2541973,342.28516,41.01563,1065.91797,-3.90625,-0.48828,1005.37109,-1.95312,-1.95312,1013.18359
2546973,161.13281,427.24609,1214.84375,3.41797,-8.30078,1025.39063,-9.76562,7.32422,1009.27734
2551973,680.66406,623.53516,1304.19922,-12.20703,5.37109,1015.13672,5.37109,-6.34766,1003.41797
2556973,-288.57422,243.16406,1034.17969,9.76562,-6.83594,1006.83594,9.27734,-14.64844,998.04687
2561972,86.42578,-35.15625,1021.97266,-0.48828,-1.46484,1014.16016,-0.97656,-15.625,1029.29688
2567507,-179.19922,12.20703,1003.41797,-1.46484,10.25391,1019.04297,-0.48828,-5.37109,1021.48437
2572528,551.26953,-279.78516,1036.13281,-7.8125,0.0,1008.78906,-0.97656,-0.97656,1016.60156
2577535,-1257.32422,-1063.47656,1050.29297,2.92969,-0.97656,1003.90625,-22.46094,-14.16016,1037.59766
2582541,297.85156,104.00391,1012.20703,12.69531,-0.48828,1020.01953,-1.46484,1.46484,1032.71484
2587545,544.43359,-19.53125,1045.89844,5.85937,-6.83594,1016.60156,7.32422,10.25391,1024.41406
2592551,-360.83984,65.42969,976.5625,-14.64844,20.01953,1016.60156,-0.97656,2.92969,1018.06641
2597559,83.49609,186.03516,998.04687,-7.8125,2.92969,1015.625,-14.64844,2.92969,1027.83203
2602565,1041.50391,131.83594,962.40234,-14.16016,-6.34766,1012.20703,-7.32422,1.95312,1026.36719
2607565,-61.52344,827.14844,750.0,2.92969,7.8125,997.55859,-7.32422,-0.48828,1002.44141
2612566,-130.37109,43.94531,1020.01953,-2.44141,-4.39453,1008.78906,-2.92969,-0.48828,1026.36719
2617570,-265.13672,44.92188,1046.875,-11.23047,-1.46484,1014.16016,-5.37109,0.97656,1029.29688
2622574,244.62891,277.83203,1019.53125,-1.46484,-2.44141,1004.39453,-15.625,-2.44141,1017.57812
2627575,23.92578,-0.97656,1023.92578,-10.74219,2.92969,1016.60156,-3.41797,-2.44141,1028.32031
2632579,232.91016,215.82031,1034.66797,-3.90625,-4.88281,1019.53125,-5.85937,-11.71875,1020.50781
2637580,-83.49609,-166.50391,1022.94922,5.85937,-0.48828,1014.16016,-0.48828,6.34766,1014.64844
2642582,-41.01563,-29.29688,1022.94922,-1.46484,2.92969,1008.30078,-10.74219,-10.25391,1008.30078
2647586,-24.90234,2.44141,1030.27344,12.20703,13.18359,1020.99609,-2.44141,-1.46484,1017.57812
2652587,-8.78906,-3.90625,1020.99609,0.0,3.90625,1007.8125,-2.44141,4.39453,1015.625
2657592,5.37109,-5.85937,1019.04297,0.48828,13.18359,1019.53125,-7.8125,1.46484,1020.99609
2662609,-14.64844,-4.39453,1027.83203,-6.83594,6.34766,1021.48437,-4.88281,-3.90625,1014.16016
2667632,-15.625,3.90625,1021.48437,0.0,-2.92969,1013.18359,-7.8125,0.48828,1016.60156
2672638,-13.67187,-0.48828,1018.55469,-11.23047,0.97656,1010.74219,-7.32422,-20.50781,1024.90234
2677651,-9.27734,-4.88281,1004.39453,-6.83594,6.83594,1016.11328,-2.92969,-6.83594,1011.23047
2682668,-12.69531,-9.27734,1014.64844,-6.34766,10.25391,1016.11328,6.34766,-7.32422,1012.20703
2687683,-15.13672,-7.32422,1017.57812,-0.97656,2.44141,1018.55469,1.46484,0.48828,1012.20703
2692696,-6.34766,-1.46484,1022.46094,-10.74219,9.27734,1018.55469,-2.92969,6.34766,1006.34766
2697706,-8.30078,8.30078,1017.08984,-2.92969,1.46484,1014.64844,-5.37109,5.37109,1017.57812
2702713,-8.30078,-15.625,1025.87891,-7.32422,7.32422,1014.64844,-8.78906,1.95312,1017.57812
2707720,6.34766,-15.625,1010.25391,1.95312,15.625,1028.32031,1.46484,-1.95312,1015.13672
2712731,98.14453,-48.82813,1020.50781,-3.90625,-5.85937,1022.94922,-5.37109,-1.95312,1016.60156
2717742,-14.64844,-2.92969,1020.50781,4.39453,13.67187,1009.27734,-8.30078,-3.41797,1011.71875
2722757,17.57813,-55.66406,1023.92578,1.95312,-2.44141,1013.18359,7.32422,-1.46484,1017.57812
2727772,-9.27734,-107.42188,1019.04297,-5.85937,-3.90625,1006.83594,-8.78906,-5.85937,1020.01953
2732783,-46.875,-178.71094,1020.99609,7.32422,1.95312,1018.06641,-6.34766,4.39453,1013.18359
2737798,-54.19922,-47.85156,1004.39453,-0.97656,20.50781,1010.25391,-0.48828,-5.85937,1018.06641
2742812,2.44141,-232.42187,1029.78516,1.46484,-8.30078,1015.13672,-10.74219,5.85937,1002.44141
2747831,41.50391,34.66797,1001.95312,-1.46484,13.18359,1018.06641,-2.44141,9.27734,1020.50781
2752844,-75.68359,35.64453,976.07422,-1.46484,0.0,1014.16016,-3.90625,5.37109,1009.27734
2757850,-6.34766,149.41406,1000.97656,2.44141,0.48828,1016.11328,1.46484,-10.25391,1021.97266
2762856,340.33203,749.02344,1024.90234,-9.76562,3.41797,1021.48437,-10.74219,3.90625,1022.46094
2767865,-16.60156,-740.72266,1009.76562,1.95312,12.20703,1023.92578,-5.37109,8.78906,1024.90234
2772874,4.39453,706.54297,1083.00781,-4.39453,7.32422,1013.18359,-3.90625,-4.39453,1010.25391
2777888,61.03516,692.87109,1050.29297,2.44141,1.46484,1021.97266,4.39453,-3.41797,1013.67187
2782897,-303.22266,416.01562,1119.14063,-5.37109,9.27734,1023.92578,-3.41797,-17.57813,1008.30078
2787911,-579.58984,215.33203,992.67578,2.44141,0.97656,1016.11328,-5.85937,2.44141,999.51172
2792921,-1430.66406,-659.66797,892.57812,-1.46484,6.83594,1012.20703,4.88281,-25.87891,1017.57812
2797933,1190.42969,622.55859,1015.13672,-12.69531,1.95312,1019.53125,3.90625,-10.25391,1008.30078
2802943,1466.30859,1678.71094,1178.22266,-4.88281,14.16016,1024.90234,-4.88281,-4.39453,988.76953
2807948,-757.32422,450.19531,1188.96484,-4.39453,21.48438,1023.4375,-6.83594,-3.41797,1005.37109
2812951,-543.45703,1708.49609,1432.61719,5.37109,-8.30078,1020.01953,-13.67187,5.37109,1013.18359
2817954,-62.01172,1048.33984,955.56641,3.90625,2.92969,996.58203,-1.46484,-4.88281,1036.62109
2822953,79.58984,-540.52734,1001.46484,-4.39453,12.69531,1013.67187,-2.44141,2.44141,1029.78516
2827954,828.125,1098.63281,1162.59766,9.27734,13.67187,1024.41406,-14.64844,-6.83594,1026.85547
2832954,-250.0,-361.32812,980.46875,7.32422,3.41797,1013.18359,-5.85937,-13.18359,1020.50781
2837954,10.74219,441.89453,1036.13281,8.78906,13.67187,1007.8125,-6.83594,3.90625,1016.11328
2842953,302.73437,-414.0625,1170.89844,-3.90625,-8.30078,1015.13672,-0.97656,-9.76562,1005.85937
2847954,43.45703,85.9375,1019.53125,3.41797,-5.37109,1009.76562,-14.16016,-7.32422,1009.27734
2852954,872.07031,-19.53125,1117.1875,1.95312,4.88281,1009.76562,-16.60156,-3.90625,1014.64844
2857954,563.47656,-146.97266,1086.42578,1.46484,15.625,1033.20313,2.92969,-0.97656,1015.13672
2862953,-458.00781,476.5625,1027.83203,4.88281,-6.34766,999.51172,-1.95312,-2.92969,1025.87891
2867954,-191.89453,277.83203,1094.72656,-10.25391,-4.39453,1008.30078,-4.39453,-9.27734,1020.99609
2872954,-463.37891,-414.0625,1022.46094,-2.92969,1.46484,1014.64844,-9.27734,-8.30078,1021.97266
2877954,-384.27734,-218.75,903.80859,4.88281,10.74219,1010.74219,-13.67187,7.32422,1014.64844
2882953,-194.82422,-344.72656,878.41797,2.44141,2.92969,991.21094,-15.625,-4.39453,1014.64844
2887953,69.33594,-325.19531,1020.99609,-16.60156,9.27734,1005.85937,-2.44141,-6.83594,1010.74219
2892954,-1007.8125,-111.32813,1494.62891,2.92969,8.30078,1014.16016,4.39453,-1.95312,1033.69141
2897954,-585.44922,-993.16406,781.25,0.97656,-5.85937,1012.69531,18.06641,-15.13672,1008.78906
2902953,-368.65234,-17.08984,1079.10156,11.71875,20.01953,1011.71875,-2.44141,3.90625,1013.18359
2907954,398.92578,-263.18359,1028.32031,-10.74219,8.30078,1001.46484,-1.95312,1.95312,1016.60156
2912954,1222.65625,984.375,1999.93896,-9.27734,-2.44141,1020.99609,-19.04297,3.41797,1006.34766
2917954,-196.77734,-131.83594,311.52344,-4.39453,19.04297,1017.57812,3.41797,-2.44141,1023.4375
2922953,266.60156,44.92188,929.6875,-16.60156,-0.97656,1008.30078,2.44141,-14.16016,1005.37109
2927954,518.55469,-3.41797,1915.03906,-8.78906,1.95312,1006.34766,-4.39453,-6.34766,1018.06641
2932954,93.75,-296.38672,569.33594,-2.44141,9.27734,1005.85937,-9.27734,10.25391,1019.53125
2937954,-403.80859,-979.98047,968.26172,-11.71875,3.41797,1015.13672,3.90625,-4.88281,1021.97266
2942953,-142.57812,-527.34375,939.45312,4.88281,16.11328,1022.46094,-2.92969,2.92969,1016.11328
2947954,1847.16797,-302.24609,1214.84375,6.83594,6.34766,1015.13672,3.90625,-10.74219,1028.80859
2952954,469.23828,15.625,976.07422,1.46484,-1.95312,1012.20703,1.95312,-10.25391,1019.53125
2957954,-217.28516,-1042.48047,939.45312,-4.88281,3.41797,1022.94922,-7.8125,-6.34766,1014.16016
2962955,841.30859,1157.22656,1464.35547,-8.30078,-11.71875,1024.41406,-3.41797,-0.48828,1010.74219
2967956,1073.73047,-844.72656,991.69922,2.44141,-5.37109,1007.32422,-6.34766,-4.39453,1029.78516
2972956,-404.78516,-875.48828,905.27344,2.44141,7.32422,1020.01953,-2.44141,0.48828,1027.83203
2977962,450.68359,1999.93896,1223.63281,0.48828,12.20703,1006.34766,5.37109,-20.99609,1021.97266
2982967,177.24609,598.14453,1003.90625,-5.37109,-4.88281,1021.97266,8.30078,-10.74219,1019.53125
2987967,234.86328,-308.10547,998.04687,2.44141,-2.44141,1000.48828,-3.41797,6.83594,1018.06641
2992966,299.31641,-451.66016,1000.0,9.76562,8.78906,1017.57812,-11.23047,6.83594,1019.04297
2997973,411.13281,-662.10937,786.62109,7.32422,5.37109,1017.08984,-15.625,11.23047,1020.99609
3002972,542.96875,-775.39062,1018.55469,-6.83594,2.44141,1006.83594,1.46484,3.90625,1030.27344
3007973,415.03906,-1075.68359,981.93359,-5.37109,-2.44141,1008.78906,-4.39453,-10.74219,1048.33984
3012973,130.85937,-177.24609,855.95703,3.90625,-1.46484,1015.625,-10.25391,-13.18359,1023.92578
3017973,186.03516,349.12109,970.21484,2.92969,7.8125,1014.64844,4.39453,-2.44141,1024.41406
3022973,302.73437,188.96484,663.57422,5.85937,0.48828,1017.57812,9.27734,-4.88281,1031.25
3027973,147.46094,723.14453,1066.40625,-3.41797,3.90625,1027.34375,-4.39453,7.8125,1011.71875
3032973,326.66016,845.70312,602.53906,-7.8125,-15.13672,1013.18359,-4.88281,0.97656,1022.46094
3037973,-25.87891,674.80469,979.98047,-4.88281,-4.39453,1013.67187,1.46484,1.46484,1036.62109
3042973,115.72266,-426.75781,942.87109,-4.88281,-5.85937,1014.16016,11.71875,1.95312,1028.32031
3047972,-297.36328,1422.85156,1102.53906,0.48828,0.0,1009.76562,3.41797,0.48828,1009.27734
3052969,112.30469,319.82422,967.28516,-2.44141,10.74219,1023.92578,-20.01953,-6.83594,1017.57812
3057968,-82.51953,1290.03906,1352.05078,0.48828,-9.27734,1005.85937,-10.25391,0.0,1020.99609
3062963,297.36328,-732.91016,990.23437,3.90625,-3.90625,1001.95312,7.8125,-12.69531,1016.60156
3067972,-444.82422,1546.38672,1155.27344,12.20703,-4.88281,1019.53125,-4.88281,-1.95312,1030.76172
3072972,101.5625,-234.375,989.25781,-2.44141,5.85937,1012.69531,1.46484,-3.90625,1024.41406
3077971,-454.58984,1502.92969,1167.96875,-4.88281,4.88281,1019.04297,0.97656,-4.88281,1020.01953
3082971,111.81641,-464.35547,1036.13281,0.48828,-2.92969,1014.64844,-6.83594,-1.46484,1036.13281
3087972,-39.0625,60.05859,987.30469,5.37109,11.71875,1011.23047,-15.13672,-10.25391,1015.13672
3092971,34.17969,-361.32812,1025.39063,3.41797,8.78906,1013.67187,-5.37109,-2.92969,1013.18359
3097971,-69.82422,-17.57813,1022.94922,-8.78906,-3.90625,1011.71875,-8.30078,7.8125,1022.46094
3102971,61.03516,-328.61328,1171.38672,0.48828,13.67187,1012.69531,-4.39453,-9.27734,1008.78906
3107971,-5.85937,-674.80469,999.51172,-4.88281,5.85937,1009.27734,-3.41797,6.83594,1022.46094
3112972,-69.82422,666.99219,1117.67578,2.92969,7.32422,1015.625,-9.76562,-1.46484,1030.27344
3117972,-0.48828,-469.23828,992.67578,-13.18359,-3.90625,1016.60156,3.41797,-6.83594,1018.55469
3122972,17.08984,-6.83594,990.23437,-5.85937,7.8125,994.62891,-11.71875,1.95312,1025.39063
3127972,17.57813,11.71875,979.00391,-9.27734,-3.90625,1005.37109,11.23047,11.71875,1023.4375
3132973,-60.05859,868.16406,1100.09766,6.34766,-2.92969,1023.92578,-13.67187,-9.27734,1025.39063
3137972,-10.74219,256.34766,984.375,-11.23047,0.97656,1018.55469,1.46484,-1.46484,1031.25
3142972,-14.64844,-177.73437,970.70312,2.44141,-9.27734,997.55859,-0.48828,3.41797,1020.50781
3147972,-14.16016,783.69141,1026.36719,-7.32422,19.53125,1019.53125,-0.48828,-2.92969,1017.08984
3152972,-7.32422,-93.75,1027.34375,-1.46484,-1.46484,1011.71875,-3.41797,-11.23047,1016.11328
3157973,15.625,-75.19531,1017.08984,-7.8125,6.83594,1014.16016,-11.23047,-17.08984,1025.39063
3162973,-17.57813,7.32422,1009.27734,-6.83594,3.90625,1019.53125,1.46484,-11.23047,1028.32031
3167973,2.44141,60.54688,1015.13672,2.92969,-0.97656,1014.64844,0.97656,-0.48828,1018.55469
3172973,-0.97656,9.76562,1018.55469,-7.8125,0.48828,1015.625,5.37109,-8.30078,1026.85547
3177974,-4.88281,-5.37109,1020.01953,11.71875,1.95312,1009.76562,-17.57813,2.44141,1017.57812
3182973,-1.95312,-31.73828,1010.25391,-6.34766,14.64844,1013.18359,-4.88281,-13.67187,1013.67187
3187973,-10.25391,-99.60938,1009.27734,-8.30078,-13.67187,1018.55469,2.92969,-0.48828,1010.25391
3192974,-10.74219,-203.125,1004.88281,-0.48828,18.06641,1020.01953,4.88281,-12.69531,1021.48437
3197973,26.36719,248.04687,1028.80859,-4.39453,-2.92969,1001.46484,-2.92969,-2.92969,1014.64844
3202973,-8.30078,121.58203,1009.27734,-4.39453,12.69531,1022.46094,-6.34766,8.30078,1023.92578
3207973,-16.60156,-123.04688,1021.48437,-0.48828,12.69531,1008.30078,2.44141,-6.83594,1011.23047
3212973,-5.37109,69.82422,1001.46484,-1.46484,4.39453,1013.67187,6.83594,0.97656,1014.16016
3217973,-3.90625,295.89844,1023.92578,-2.44141,4.39453,1010.74219,-3.41797,-16.60156,1018.55469
3222973,7.8125,-11.23047,1013.18359,-9.27734,3.41797,1017.08984,-4.88281,-14.16016,1019.04297
3227973,-25.87891,25.87891,1007.32422,6.34766,-1.95312,1026.36719,-3.90625,-1.95312,1013.18359
3232973,-2.44141,-100.58594,1006.83594,-18.55469,11.71875,1014.64844,0.97656,0.0,1014.64844
3237971,-27.34375,-36.62109,1006.34766,-1.95312,0.0,1007.8125,0.0,-4.39453,1002.44141
3242965,-15.13672,26.36719,1016.11328,-7.8125,-6.83594,1015.13672,-22.46094,1.46484,1015.13672
3247972,-4.88281,107.42188,1029.29688,-1.95312,9.27734,1019.53125,5.37109,-2.44141,1020.50781
3252972,-8.78906,32.71484,1024.41406,9.76562,8.30078,1017.08984,-3.90625,-6.34766,1019.04297
3257972,-8.78906,16.11328,1018.55469,-0.97656,-0.48828,1016.60156,3.41797,-13.18359,1021.48437
3262972,-6.83594,-5.85937,1017.08984,1.46484,5.37109,1027.83203,6.34766,-1.95312,1020.01953
3267973,-4.88281,20.01953,1038.57422,-0.48828,-0.48828,1016.60156,-8.30078,3.90625,1013.18359
3272972,-5.37109,-9.76562,1021.48437,-16.11328,14.16016,1006.34766,-5.85937,-3.41797,1014.64844
3277973,-3.90625,30.76172,1039.0625,-4.39453,12.20703,1018.55469,-0.48828,-3.41797,1023.92578
3282973,2.44141,-70.3125,1019.53125,-8.30078,-2.44141,1020.99609,-6.83594,-5.85937,1012.20703
3287973,-10.25391,-184.08203,1020.01953,3.90625,9.76562,1015.625,-0.97656,-17.08984,1022.46094
3292973,-17.57813,175.29297,1035.64453,-8.30078,-0.97656,1007.8125,1.95312,-11.23047,1020.99609
3297974,-5.85937,-163.57422,1016.60156,5.85937,7.32422,1012.69531,-5.37109,-6.83594,1023.92578
3302973,-16.60156,-447.26562,977.53906,-5.85937,0.97656,1012.20703,-3.90625,-4.39453,1018.06641
3307973,11.23047,318.84766,1068.84766,-7.32422,5.37109,1019.53125,-8.78906,-12.20703,1026.85547
3312973,0.48828,161.62109,1036.13281,1.46484,-1.46484,1018.06641,-3.41797,-1.95312,1019.04297
3317973,-9.76562,111.81641,1017.08984,6.34766,-1.95312,1022.46094,5.37109,9.76562,1020.50781
3322973,-4.88281,93.75,1015.625,-2.44141,12.20703,1014.16016,0.48828,-1.46484,1016.60156
3327973,-11.23047,155.76172,1014.64844,-0.97656,5.85937,1016.60156,6.83594,-3.90625,1031.25
3332973,-5.37109,8.30078,1013.67187,6.34766,9.27734,1013.67187,6.34766,-5.85937,1014.64844
3337973,-2.44141,15.625,1027.83203,5.37109,9.27734,1007.8125,-4.39453,-9.76562,1024.41406
3342973,-9.27734,2.44141,1017.08984,0.48828,13.18359,1025.87891,-4.88281,-2.92969,1026.36719
3347972,-12.20703,6.83594,1000.97656,-0.48828,-0.48828,1019.04297,-1.46484,3.90625,1016.11328
3352974,-16.60156,210.9375,1021.48437,6.83594,1.95312,1008.30078,-1.95312,-5.37109,1010.25391
3357976,-4.88281,254.88281,1019.04297,-5.85937,5.37109,1022.46094,-7.8125,-16.11328,1018.55469
3362975,-8.30078,83.98438,1011.23047,3.90625,-1.46484,1026.85547,-11.23047,-12.69531,1009.76562
3367976,-31.73828,814.94141,954.10156,1.95312,6.34766,1018.55469,4.39453,-6.34766,1011.23047
3372976,-9.76562,-263.67187,918.45703,2.44141,0.48828,1016.11328,-26.36719,-10.25391,1010.74219
3377977,170.89844,1211.42578,1166.50391,-7.32422,9.27734,1018.55469,19.04297,9.76562,1014.16016
3382975,25.87891,-1064.45313,907.71484,-0.48828,-6.34766,1008.30078,5.85937,1.46484,1020.99609
3387976,-19.04297,1844.72656,1133.30078,2.92969,-1.46484,1026.36719,-35.15625,-27.83203,1024.41406
3392976,870.11719,-1323.73047,1160.64453,0.97656,15.625,1019.04297,31.25,46.875,1038.57422
3397976,556.15234,-147.46094,1442.87109,-0.48828,2.44141,1018.55469,-9.76562,3.41797,1014.64844
3402975,1096.19141,840.82031,1101.5625,-0.48828,12.20703,1023.4375,4.88281,0.97656,1025.39063
3407977,-698.24219,518.55469,812.5,-3.90625,10.74219,1018.06641,-1.46484,-4.39453,1001.46484
3412976,-323.24219,828.125,875.48828,8.30078,6.83594,1013.18359,-6.83594,-4.88281,1003.41797
3417976,370.11719,292.96875,1010.74219,5.37109,14.16016,1039.0625,-1.95312,6.83594,1033.20313
3422975,-863.76953,-2000.0,961.42578,2.92969,13.18359,1022.46094,-5.37109,-5.37109,1013.18359
3427976,-103.02734,-295.89844,1571.28906,1.95312,4.88281,1004.88281,8.30078,3.90625,1018.06641
3432976,171.38672,-731.44531,949.70703,-5.85937,7.32422,1001.95312,2.92969,-10.25391,1020.01953
3437976,-1000.0,-1143.55469,1194.33594,6.83594,5.37109,1020.01953,-17.08984,-8.30078,1013.18359
3442975,-1153.32031,383.78906,8.30078,12.20703,-3.90625,1000.48828,2.92969,-6.34766,1004.88281
3447976,-1165.03906,892.08984,975.09766,2.44141,1.46484,1005.37109,-6.34766,10.25391,1003.41797
3452976,-170.89844,584.96094,756.83594,-6.83594,15.625,1013.18359,-8.30078,-12.69531,1020.50781
3457975,280.76172,536.62109,827.63672,-5.37109,-1.46484,1011.71875,0.0,-20.01953,1015.13672
3462973,-1168.94531,-735.35156,1069.82422,4.88281,-8.78906,1017.08984,-1.46484,16.60156,1039.0625
3467973,319.33594,-220.70312,849.12109,4.39453,4.88281,1013.18359,-9.27734,2.92969,1012.69531
3472973,-344.23828,-232.91016,946.28906,-3.41797,1.46484,1000.0,-0.48828,-18.06641,1013.67187
3477973,-401.36719,-395.99609,1211.91406,8.30078,-8.30078,1004.39453,2.92969,-7.8125,1018.55469
3482972,-1545.89844,-39.55078,632.8125,7.8125,-5.85937,1006.34766,-3.41797,9.76562,1016.60156
3487972,-342.28516,1216.79688,1013.67187,-13.18359,5.37109,1016.11328,-0.97656,-15.13672,1018.06641
3492973,24.90234,-206.54297,1196.77734,7.8125,11.23047,1011.23047,-14.16016,3.90625,1012.69531
3497972,129.39453,252.92969,1078.125,-10.25391,-4.88281,1009.27734,-6.83594,-5.37109,1032.71484
3502972,-850.58594,381.34766,892.08984,1.95312,-2.44141,1031.25,0.97656,-4.39453,1035.15625
3507972,-236.81641,-478.51562,836.91406,3.90625,0.97656,1029.29688,4.88281,-2.92969,1020.50781
3512972,157.22656,-133.30078,892.08984,-9.27734,0.0,1004.88281,-1.95312,-4.39453,1014.16016
3517973,-191.89453,-73.73047,910.15625,3.41797,14.16016,1014.64844,-3.90625,4.88281,1010.74219
3522973,-113.28125,-359.375,1034.66797,-13.18359,3.90625,1010.74219,1.46484,-3.90625,1025.87891
3527973,198.24219,447.75391,1002.92969,0.0,-18.06641,1011.71875,-5.85937,-1.95312,1016.60156
3532969,-20.50781,42.48047,951.17187,-6.83594,-2.44141,1020.50781,-6.83594,1.46484,1014.16016
3537968,-1.46484,41.50391,1035.64453,-3.41797,2.92969,1029.29688,8.78906,-5.37109,1022.46094
3542967,27.34375,83.00781,1030.27344,-1.95312,-4.39453,1011.71875,-4.39453,-4.39453,1027.34375
3547968,-255.37109,-296.875,984.375,-1.46484,-3.90625,1005.37109,-9.27734,2.44141,1025.87891
3552968,-60.05859,-83.00781,971.19141,-18.06641,3.90625,1019.04297,-14.16016,-6.83594,1036.13281
3557968,58.10547,-380.37109,1161.62109,-8.78906,-2.44141,1010.74219,-2.44141,1.95312,1023.4375
3562967,-46.875,36.13281,936.03516,8.78906,3.41797,1013.67187,-0.97656,-12.69531,1024.41406
3567969,575.68359,-76.66016,1053.71094,8.30078,3.41797,1012.20703,7.32422,-4.39453,1004.39453
3572968,461.42578,600.09766,987.79297,0.97656,9.76562,1013.67187,-8.30078,-9.76562,1007.32422
3577968,149.90234,352.53906,1165.03906,-5.37109,-0.97656,1013.67187,-13.67187,-3.41797,1024.41406
3582967,-423.33984,-564.45312,1033.20313,-9.76562,3.90625,1017.08984,-6.83594,-4.39453,1004.39453
3587973,166.99219,322.75391,1090.82031,0.48828,2.92969,1000.97656,0.0,12.20703,1011.23047
3592971,-596.19141,394.04297,1357.42188,-7.8125,-4.39453,1023.4375,6.34766,-1.46484,1032.22656
3597972,-56.15234,238.28125,843.26172,-4.39453,4.39453,1018.06641,2.92969,1.46484,1034.17969
3602970,315.91797,-487.30469,949.21875,1.46484,6.83594,1020.01953,3.90625,-4.39453,1013.18359
3607972,-508.78906,-143.55469,937.5,-10.74219,14.64844,1022.94922,-5.85937,-4.39453,1019.04297
3612972,-589.84375,-446.77734,1071.28906,-3.41797,1.95312,1006.34766,-13.67187,14.64844,1020.99609
3617972,504.88281,88.37891,814.94141,-6.83594,-14.16016,1014.64844,-2.92969,-5.37109,1014.16016
3622972,-96.19141,-173.82812,1074.21875,6.34766,11.23047,1017.57812,-7.8125,0.97656,1017.57812
3627972,1815.42969,-111.81641,1173.33984,0.0,-1.46484,1008.78906,0.0,2.44141,1017.57812
3632966,-778.80859,293.94531,941.89453,0.97656,9.27734,1015.13672,-10.74219,-2.92969,1019.53125
3637972,149.90234,-535.15625,1444.82422,-6.83594,-1.46484,1015.625,-2.44141,-4.88281,1011.23047
3642972,-188.96484,175.78125,832.03125,0.48828,4.39453,1001.95312,-9.27734,-7.8125,1017.57812
3647972,-1894.04297,181.64062,994.62891,-15.625,-9.76562,1026.36719,0.97656,2.92969,1030.76172
3652972,1115.23438,-6.83594,991.69922,-11.23047,1.46484,1022.46094,0.0,-10.25391,1013.18359
3657970,1301.75781,-219.23828,909.66797,4.39453,3.41797,1002.92969,-18.06641,-4.39453,1015.625
3662967,-1562.98828,-1050.29297,1196.77734,6.34766,5.37109,1018.06641,-3.90625,-4.39453,1015.13672
3667968,-1092.28516,175.78125,1081.05469,5.37109,12.20703,1010.25391,4.39453,-27.83203,1021.48437
3672967,-144.04297,-200.68359,1183.59375,-19.04297,5.37109,1022.46094,9.27734,-2.92969,1016.11328
3677968,-1774.41406,-449.70703,1542.96875,-2.44141,-6.34766,999.02344,-0.97656,2.44141,1010.74219
3682967,-112.30469,187.5,919.92187,-5.37109,2.92969,1008.78906,5.85937,5.85937,1013.67187
3687968,170.41016,263.18359,1183.59375,-4.88281,5.37109,1025.39063,2.44141,8.78906,1025.87891
3692968,29.78516,40.03906,1189.94141,2.44141,1.46484,1024.90234,-1.95312,-4.39453,1003.90625
3697968,-157.71484,284.66797,884.76562,0.97656,-2.92969,1012.20703,6.34766,-10.74219,1017.57812
3702967,-97.65625,-391.60156,1011.71875,0.97656,0.97656,1014.64844,3.41797,-6.83594,1016.11328
3707967,227.53906,149.41406,1085.44922,-10.74219,2.44141,1017.08984,-6.34766,1.46484,1024.41406
3712966,134.76562,48.33984,1041.50391,4.88281,0.0,1011.71875,-8.78906,2.92969,1026.36719
3717965,-263.18359,-498.04687,1062.98828,11.23047,13.18359,1016.60156,-7.8125,-1.95312,1028.80859
3722970,50.78125,18.06641,1019.53125,-6.83594,4.88281,1022.94922,-13.67187,-0.48828,1023.92578
3727972,-7.8125,-170.89844,1041.50391,-2.44141,-8.78906,1018.06641,0.97656,3.41797,1019.04297
3732973,0.48828,46.38672,1015.625,-2.92969,1.46484,1011.71875,-4.88281,2.44141,1024.41406
3737973,-35.64453,-60.05859,1001.46484,-9.76562,0.97656,1014.16016,0.97656,-1.95312,1016.60156
3742973,0.97656,-19.04297,1023.4375,3.90625,4.39453,1007.8125,-2.44141,9.76562,1002.92969
3747974,145.50781,-206.05469,1000.48828,-7.8125,10.74219,1018.55469,-1.95312,-7.32422,1020.50781
3752973,214.84375,-252.44141,1032.71484,12.69531,0.48828,1010.74219,-12.20703,3.41797,1008.30078
3757974,-161.13281,184.08203,994.14062,-11.71875,6.83594,1012.20703,-12.69531,-2.44141,1015.13672
3762973,-65.42969,16.11328,1009.27734,8.78906,4.88281,1026.85547,-10.25391,-3.41797,1023.92578
3767972,-12.20703,-6.34766,1018.55469,-1.46484,9.76562,1014.16016,-5.37109,-1.95312,1022.46094
3772973,-33.20313,-18.55469,1026.36719,1.46484,0.0,1011.71875,-13.67187,-12.69531,1026.36719
3777970,-30.76172,-10.25391,1023.92578,1.95312,-6.34766,1020.50781,-2.44141,-12.69531,1029.29688
3782967,-21.97266,3.41797,1029.29688,-8.78906,4.88281,1027.34375,9.76562,-12.20703,1023.4375
3787966,-6.83594,6.83594,1014.16016,-7.8125,1.95312,1011.23047,-13.67187,-7.8125,1020.01953
3792966,-24.90234,-2.92969,1019.53125,-0.48828,10.25391,1014.16016,-9.76562,-0.97656,1023.92578
3797966,-15.13672,9.27734,1025.39063,-8.30078,4.88281,1010.74219,10.25391,-7.32422,1009.76562
3802972,-6.83594,-16.60156,1019.04297,-4.39453,-0.48828,1020.99609,-1.46484,-6.34766,1012.20703
3807972,-18.55469,-113.28125,1036.13281,-6.34766,-10.25391,1008.78906,-19.53125,-2.92969,1009.27734
3812972,-17.57813,-76.66016,1022.46094,-6.34766,3.41797,1017.57812,-8.30078,-4.88281,1017.57812
3817972,-15.13672,-68.35938,1013.18359,2.44141,-5.85937,1025.39063,4.39453,-0.97656,1012.69531
3822972,0.97656,-6.34766,1025.39063,6.34766,-4.39453,1011.23047,-5.37109,6.34766,1023.92578
3827972,-16.11328,-67.38281,1003.90625,12.20703,-1.46484,1019.53125,5.37109,13.67187,1023.92578
3832972,-3.90625,15.625,1023.92578,7.32422,3.41797,1009.27734,-5.37109,-5.37109,1026.85547
3837973,-29.29688,-12.20703,1022.46094,0.48828,5.85937,1005.37109,-3.41797,-4.39453,1018.55469
3842972,-6.34766,61.03516,1026.85547,7.8125,3.41797,1023.4375,6.83594,-5.37109,1025.39063
3847972,-6.83594,-139.64844,1025.39063,0.48828,-6.83594,1020.99609,-0.97656,-3.41797,1019.53125
3852973,-38.08594,-97.65625,1075.19531,3.90625,-4.39453,1013.67187,0.48828,0.0,1020.50781
3857971,148.4375,290.52734,1087.89063,-12.20703,13.18359,1024.41406,0.97656,-11.71875,1028.80859
3862971,-173.82812,-642.57812,1022.94922,0.48828,9.27734,1017.57812,-4.88281,-10.74219,1016.11328
3867972,-1.46484,-177.73437,967.77344,-1.46484,0.48828,1017.08984,4.88281,-9.76562,1018.06641
3872972,-241.69922,-431.64062,924.31641,-4.88281,6.34766,1013.18359,-10.74219,1.95312,1013.67187
3877973,-222.16797,-835.44922,1032.22656,0.48828,1.46484,1018.55469,-0.97656,-2.44141,1005.37109
3882972,-265.13672,-312.5,1168.45703,-1.46484,7.8125,1004.39453,-1.46484,-5.85937,1027.83203
3887972,22.94922,156.73828,1132.8125,-6.83594,7.32422,1015.625,5.85937,-0.97656,1009.27734
3892973,-64.45313,-47.36328,1003.90625,-4.39453,4.39453,1011.71875,1.95312,-9.27734,1028.80859
3897973,-215.82031,-1895.01953,641.11328,-3.41797,4.39453,1003.90625,-8.30078,-3.41797,1030.27344
3902972,135.74219,-394.53125,1467.77344,-3.41797,-3.90625,1001.95312,-1.46484,6.34766,1013.67187
3907973,-218.26172,-738.28125,1179.19922,-6.34766,2.44141,1008.78906,-0.97656,-6.83594,1027.34375
3912972,-407.71484,-1467.28516,913.08594,2.44141,-0.48828,1020.99609,5.37109,3.41797,1023.4375
3917972,-123.53516,-1108.39844,1096.67969,-1.95312,-1.46484,1008.30078,5.37109,5.37109,1028.32031
3922972,-244.62891,316.40625,430.17578,0.0,0.48828,1025.39063,-5.37109,-3.90625,1012.69531
3927968,-865.23437,-979.98047,795.89844,-11.71875,6.34766,1014.16016,-3.90625,-5.85937,1011.71875
3932968,1318.84766,-1357.42188,1664.0625,2.44141,0.48828,1014.64844,-2.44141,-3.90625,1034.66797
3937968,463.37891,221.19141,1327.63672,-3.90625,-2.44141,1006.34766,-2.44141,-9.27734,1021.97266
3942967,235.83984,321.28906,1053.22266,0.97656,8.30078,1022.46094,0.48828,2.44141,1007.8125
3947968,-76.66016,64.45313,972.16797,-6.34766,-3.41797,1023.4375,0.0,-1.95312,1021.97266
3952966,990.23437,168.94531,1888.67188,-2.44141,-0.97656,1006.83594,0.48828,-19.53125,997.55859
3957973,348.63281,260.25391,941.89453,-3.41797,0.0,1021.48437,-1.46484,4.39453,1009.27734
3962968,287.10937,906.25,1534.17969,-10.25391,-4.39453,1025.39063,3.41797,1.95312,1016.60156
3967968,-415.52734,1683.10547,1101.07422,0.48828,10.74219,1020.50781,-13.67187,-3.90625,1016.11328
3972968,-1802.73438,-412.59766,769.04297,-6.34766,1.95312,1026.36719,-10.25391,9.27734,1026.85547
3977968,-27.34375,-483.39844,1627.92969,-1.95312,0.0,1017.57812,-6.34766,-1.46484,1007.8125
3982972,-1.46484,-62.98828,753.41797,-22.46094,-6.83594,1014.16016,-8.30078,9.76562,1016.60156
3987973,-323.73047,-309.57031,941.40625,-1.95312,0.48828,1006.83594,9.27734,-1.95312,1008.78906
3992973,-812.98828,-2000.0,661.13281,2.44141,-2.92969,1016.11328,5.85937,-7.32422,1026.36719
3997973,748.53516,1983.88672,1168.94531,-3.90625,-7.8125,1007.8125,-12.69531,15.625,1021.48437
4002973,-198.24219,510.74219,1956.54297,4.88281,-8.78906,1000.48828,-1.46484,5.37109,1027.34375
4007973,92.28516,-46.38672,595.70312,11.71875,-0.97656,1017.08984,-3.41797,3.90625,1010.25391
4012973,413.57422,1999.93896,1999.93896,0.48828,5.85937,1007.32422,-2.44141,6.83594,1025.39063
4017974,-125.97656,622.55859,1476.5625,1.46484,3.41797,1013.18359,-3.41797,-7.8125,1028.80859
4022975,144.04297,233.88672,904.29687,-16.60156,-8.78906,1008.30078,5.85937,-6.83594,1028.80859
4027976,-48.33984,1405.76172,1089.35547,-10.25391,4.39453,1002.92969,-0.97656,10.25391,1027.34375
4032976,450.19531,11.71875,1999.93896,-6.83594,-4.39453,1013.67187,4.88281,1.46484,1037.59766
4037976,-20.50781,-390.13672,329.58984,-2.44141,5.37109,1013.18359,-10.74219,-1.95312,1025.39063
4042975,53.71094,-1602.05078,720.70312,1.95312,-3.41797,1008.78906,5.85937,8.78906,1023.92578
4047976,-314.94141,-548.33984,405.27344,-8.78906,-9.27734,1014.64844,3.41797,-1.46484,1016.11328
4052976,479.98047,-287.59766,529.29687,9.27734,4.88281,1003.90625,-4.88281,4.39453,1018.06641
4057976,572.26562,-1185.54688,547.85156,-3.90625,-10.74219,1014.16016,-5.37109,-3.90625,1012.69531
4062975,39.55078,395.50781,859.86328,9.27734,-10.25391,1016.11328,-7.32422,-10.74219,1022.94922
4067976,195.3125,-327.14844,798.82812,-12.20703,-1.95312,1029.78516,-21.48438,8.78906,1025.87891
4072976,127.44141,672.36328,1229.49219,0.97656,-6.83594,1013.18359,-4.39453,17.08984,1016.11328
4077976,-61.52344,-54.19922,937.5,-0.97656,5.85937,1011.23047,-10.25391,0.0,1029.29688
4082972,140.13672,-884.76562,926.75781,2.92969,5.85937,1021.48437,2.92969,-1.46484,1020.01953
4087973,202.63672,298.33984,893.55469,-6.34766,7.32422,1011.23047,2.92969,1.46484,1031.25
4092974,-118.16406,142.08984,975.58594,-3.41797,16.11328,1019.53125,-3.41797,5.37109,1020.01953
4097974,198.24219,958.49609,1128.41797,-9.27734,4.39453,1013.18359,12.69531,-9.27734,1013.18359
4102973,-30.76172,5.85937,1012.69531,-4.39453,-9.27734,1020.50781,-9.27734,-2.92969,1012.69531
4107973,-35.15625,-208.98437,994.62891,-0.97656,9.76562,1009.27734,-10.25391,-0.48828,1021.97266
4112973,-64.94141,-84.47266,972.16797,0.97656,-4.88281,1020.99609,-8.30078,8.78906,1016.60156
4117973,70.80078,438.47656,1060.05859,7.8125,-6.83594,1016.11328,-6.34766,2.92969,1024.90234
4122973,-4.39453,-6.34766,1010.25391,2.92969,0.0,1009.76562,5.37109,-7.8125,1028.80859
4127969,-9.76562,-97.16797,1017.08984,-0.48828,-8.30078,1018.06641,-8.78906,7.8125,1004.88281
4132967,7.32422,99.60938,1002.44141,5.85937,1.46484,1016.60156,-5.85937,0.97656,1023.92578
4137968,97.65625,68.84766,1038.57422,11.23047,9.76562,1013.67187,-1.46484,-10.25391,1011.23047
4142967,17.57813,88.37891,1033.69141,-9.76562,11.71875,1021.48437,4.88281,-8.78906,1024.41406
4147966,89.35547,172.36328,1000.97656,-2.44141,17.57813,1017.57812,-20.99609,2.44141,1033.20313
4152973,128.90625,-368.16406,1019.53125,0.0,8.78906,1029.78516,-10.25391,-3.90625,1021.48437
4157974,51.75781,-138.67187,1022.46094,3.41797,10.25391,1007.32422,-19.04297,-1.46484,1021.48437
4162973,25.39063,-350.58594,1024.90234,0.0,0.48828,1013.18359,-10.25391,3.90625,1023.92578
4167969,-20.01953,125.48828,1003.41797,-14.16016,9.27734,1015.625,-4.39453,-4.39453,1021.48437
4172968,-39.0625,399.41406,1056.64063,-1.46484,1.46484,1017.57812,-0.48828,10.74219,1016.11328
4177968,-2.44141,339.84375,987.30469,-2.92969,-3.41797,1008.30078,-2.92969,-6.34766,1010.74219
4182968,-78.125,374.02344,1036.13281,-4.39453,-4.88281,1017.08984,-17.57813,-1.95312,1021.97266
4187968,-44.92188,139.64844,1006.83594,-0.48828,-1.95312,1022.46094,-0.97656,-13.67187,1017.08984
4192968,-7.8125,65.91797,993.65234,1.95312,-2.92969,1006.34766,-1.95312,-7.8125,1022.94922
4197969,-10.74219,84.47266,1018.55469,-5.37109,13.67187,1022.94922,5.85937,2.44141,1022.46094
4202967,-6.34766,81.54297,1020.50781,4.39453,-0.48828,1025.39063,5.37109,0.97656,1017.08984
4207968,-6.34766,9.27734,1023.4375,-8.78906,0.48828,1015.625,-7.8125,-12.20703,1024.90234
4212968,-4.88281,-3.41797,1014.16016,-7.32422,3.41797,1014.64844,-2.92969,5.85937,1018.06641
4217968,-2.92969,-31.25,1010.25391,-7.32422,-5.85937,1016.60156,-13.18359,-10.74219,1006.34766
4222967,-11.71875,-38.08594,1027.34375,-5.37109,9.27734,1020.01953,-8.30078,-2.92969,1010.74219
4227968,-7.32422,-66.89453,1019.04297,-0.48828,-1.95312,1000.97656,-7.32422,7.32422,1025.87891
4232968,6.34766,21.48438,1019.53125,3.90625,17.57813,1013.67187,3.41797,3.41797,1020.01953
4237968,-7.8125,-30.76172,1022.46094,-0.97656,8.78906,1017.57812,-5.85937,-12.20703,1019.53125
4242968,-8.78906,15.13672,1015.625,-1.46484,7.8125,1017.57812,-4.39453,-11.23047,1020.99609
4247968,-12.20703,56.64063,1025.39063,0.48828,0.0,1013.18359,5.85937,-1.46484,1025.87891
4252973,-11.71875,49.80469,1019.53125,-6.34766,-8.30078,1011.71875,-2.44141,0.0,1015.13672
4257971,-7.8125,39.55078,1023.4375,-5.85937,-7.8125,1023.4375,9.27734,-1.95312,1022.46094
4262971,2.92969,12.20703,1014.16016,0.48828,7.8125,1011.23047,-5.37109,-7.32422,1017.08984
4267972,3.90625,-3.41797,1014.64844,-6.34766,7.32422,1018.06641,-6.34766,-9.27734,1023.4375
4272973,-11.23047,11.71875,1007.8125,-6.83594,-14.16016,1012.20703,-6.34766,-9.27734,1018.55469
4277973,-17.57813,5.85937,1014.64844,4.39453,5.85937,1016.60156,-0.48828,5.37109,1012.69531
4282973,2.92969,305.66406,1020.50781,1.46484,0.0,1014.64844,4.39453,-5.85937,1024.90234
4287969,-8.78906,212.40234,1023.92578,-6.83594,-0.48828,1012.20703,1.46484,-4.39453,1030.76172
4292968,12.20703,188.96484,1044.43359,5.85937,10.74219,1020.01953,-3.41797,-20.50781,1018.55469
4297968,25.39063,393.55469,1015.625,-1.95312,-16.60156,1015.13672,-5.85937,-0.48828,1019.04297
4302967,0.48828,-32.22656,1038.08594,-2.44141,-13.18359,1002.44141,-0.97656,-3.41797,1029.78516
4307968,132.32422,580.07812,952.14844,0.97656,9.27734,1018.06641,2.92969,0.97656,1009.76562
4312968,41.99219,-123.53516,1062.5,-5.37109,-14.64844,1020.01953,1.95312,-1.95312,1014.16016
4317968,-321.77734,930.17578,969.72656,-12.20703,0.48828,1018.55469,-3.41797,-0.48828,1022.46094
4322967,-98.63281,-425.29297,871.09375,-0.48828,11.71875,1021.48437,-4.88281,0.97656,1028.80859
4327968,-543.94531,-221.19141,848.63281,-6.34766,-2.92969,1013.18359,-3.41797,-10.74219,1022.94922
4332968,514.16016,705.56641,1213.37891,1.46484,-7.8125,1012.20703,-0.48828,7.32422,1016.11328
4337968,303.71094,354.98047,898.4375,-8.78906,1.95312,1022.94922,-1.95312,-0.97656,1022.46094
4342967,577.63672,500.97656,766.11328,-2.92969,17.08984,1015.625,3.41797,-4.88281,1034.17969
4347968,822.75391,77.14844,1063.47656,-5.37109,-5.37109,1000.48828,-15.625,-11.23047,1039.0625
4352968,-197.75391,-1104.98047,1099.12109,-11.23047,7.8125,1012.20703,-2.44141,-4.39453,1021.97266
4357968,-821.77734,886.23047,1013.67187,-6.83594,-4.39453,1011.23047,-7.8125,-3.41797,1015.13672
4362968,289.0625,221.19141,902.34375,1.46484,5.37109,1011.71875,-8.30078,2.44141,1013.18359
4367968,246.09375,-1187.01172,1226.5625,1.46484,-3.41797,1004.39453,-5.37109,9.27734,1022.46094
4372968,231.93359,-550.29297,1068.84766,-3.90625,5.85937,1009.27734,-12.20703,1.95312,1021.48437
4377968,-416.99219,1427.24609,1221.19141,-1.95312,11.23047,1013.18359,-6.83594,-2.92969,1016.60156
4382967,197.75391,1967.77344,970.70312,-15.13672,-2.92969,1026.36719,-8.30078,4.39453,1021.97266
4387968,312.01172,-701.17187,823.24219,-3.41797,-5.37109,1009.27734,-9.27734,4.88281,1014.16016
4392968,521.97266,-218.26172,898.4375,-5.37109,-4.39453,1005.37109,6.34766,-19.53125,1027.34375
4397968,758.30078,-14.64844,879.39453,-0.48828,7.32422,1022.94922,-4.39453,-9.27734,1029.29688
4402967,17.08984,-1524.90234,981.93359,-4.39453,-3.90625,1008.30078,1.46484,0.48828,1021.48437
4407968,414.55078,-171.38672,1124.51172,-25.39063,2.92969,1014.64844,-16.60156,11.71875,1018.06641
4412968,-401.85547,-2000.0,1127.92969,6.34766,-0.97656,1008.78906,7.8125,4.88281,1015.625
4417968,1205.56641,675.29297,1071.77734,-3.41797,-3.41797,1008.78906,14.16016,-1.95312,1026.85547
4422968,375.97656,-355.46875,1014.64844,-8.30078,-8.78906,1013.18359,-2.92969,1.46484,1022.46094
4427968,-817.38281,-130.37109,1065.91797,-2.44141,1.95312,1010.74219,-5.37109,-8.30078,1026.85547
4432968,-679.19922,-76.17188,1049.31641,13.18359,2.44141,1030.76172,-2.92969,6.34766,1041.01563
4437968,501.95312,-566.40625,854.49219,-4.88281,9.27734,1025.39063,4.88281,-8.78906,1016.60156
4442967,-169.43359,473.63281,952.63672,-1.95312,6.83594,1013.67187,-31.73828,-20.50781,1009.76562
4447968,64.45313,200.19531,885.74219,5.37109,0.97656,1021.97266,-22.46094,-0.97656,1021.97266
4452968,823.73047,-1283.20313,1797.36328,0.97656,-4.39453,1011.71875,-16.60156,-7.32422,1020.01953
4457968,-306.15234,-399.41406,918.94531,-10.25391,5.85937,1012.20703,-10.25391,-12.20703,1030.76172
4462967,-5.37109,-275.39062,1091.79688,-15.625,6.83594,1016.60156,1.95312,-5.85937,1030.27344
4467967,-83.98438,-26.36719,1032.71484,-4.39453,11.23047,1009.27734,-3.90625,-1.95312,1017.08984
4472966,-17.08984,31.73828,982.42187,7.32422,-4.88281,1014.16016,8.78906,0.97656,1019.53125
4477973,9.27734,-51.75781,1015.625,-7.32422,-1.46484,1023.4375,-9.76562,0.48828,1015.625
4482973,-56.64063,27.83203,1006.83594,-7.8125,-2.44141,1015.13672,-14.16016,-6.83594,1029.78516
4487973,34.17969,-42.96875,1018.06641,0.48828,8.78906,1012.20703,-2.44141,-5.85937,1016.11328
4492973,-174.31641,243.16406,1052.73438,5.37109,6.83594,1014.16016,-7.8125,-7.32422,1023.92578
4497974,-45.41016,45.41016,1037.10938,-0.97656,9.27734,1022.46094,-6.34766,-5.85937,1004.39453
4502973,-55.66406,2.44141,1015.625,-5.37109,15.625,1006.34766,-13.67187,-11.71875,1024.41406
4507973,8.78906,-105.46875,1008.78906,8.30078,-4.88281,1020.99609,-4.88281,4.88281,1019.53125
4512974,36.13281,-113.28125,1046.38672,-8.30078,6.34766,1009.76562,-3.90625,7.32422,1016.11328
4517973,-12.20703,-10.74219,1018.55469,-11.23047,-5.37109,1012.20703,4.39453,-19.04297,1023.4375
4522973,-10.25391,-17.57813,1026.36719,8.30078,1.95312,1014.64844,-2.44141,5.37109,1025.39063
4527973,-3.41797,-37.59766,1031.25,-4.39453,-4.88281,1017.57812,-6.34766,-0.48828,1028.32031
4532973,-42.48047,-98.63281,1013.18359,-18.06641,-6.34766,1024.90234,3.90625,8.30078,1005.85937
4537973,9.27734,-24.90234,1016.11328,-6.83594,7.32422,1011.71875,-7.32422,7.8125,1020.01953
4542973,-4.88281,-43.94531,1024.41406,-7.32422,5.85937,1002.92969,-6.83594,-3.41797,1014.16016
4547973,15.13672,-28.80859,1034.17969,-8.78906,3.41797,1011.23047,4.39453,0.0,1017.57812
4552971,25.39063,-8.30078,1022.94922,6.83594,-11.23047,1021.97266,18.55469,-3.41797,1013.18359
4557972,13.67187,-21.48438,1020.99609,-1.95312,-3.90625,1015.13672,8.30078,-16.11328,1017.08984
4562971,-1.95312,2.92969,1012.20703,7.32422,0.97656,1019.53125,-20.01953,-9.27734,1019.04297
4567972,-0.48828,-6.83594,1024.90234,12.20703,2.92969,1014.16016,1.46484,-10.74219,1010.74219
4572972,-6.83594,-41.50391,1019.04297,1.95312,3.41797,1014.64844,-13.18359,-5.37109,1018.55469
4577972,-17.57813,-6.34766,1023.92578,-6.83594,-1.95312,1000.97656,0.48828,3.90625,1024.90234
4582972,-19.53125,-1.46484,1035.64453,-17.57813,0.97656,1007.8125,30.76172,0.48828,1028.32031
4587972,-10.74219,14.16016,1008.30078,-15.625,4.88281,1013.67187,-17.57813,14.64844,1008.78906
4592972,-14.16016,3.90625,1019.53125,-1.95312,-6.34766,1010.25391,-17.57813,-9.76562,1019.04297
4597973,-12.69531,-0.97656,1023.92578,4.39453,9.76562,1022.94922,-1.46484,-8.78906,1020.50781
4602973,-22.94922,-8.30078,1025.39063,7.8125,-5.37109,1017.08984,-19.04297,-8.78906,1041.99219
4607973,-33.69141,-23.92578,1018.06641,3.41797,-11.71875,1025.87891,11.71875,-17.08984,1017.57812
4612973,-1.46484,15.625,1022.46094,9.27734,-9.27734,1011.71875,-5.85937,-6.83594,1013.18359
4617974,-11.71875,-17.57813,1012.69531,-16.11328,2.44141,1006.83594,-25.87891,18.06641,1000.48828
4622972,-24.41406,-16.60156,1018.06641,-7.8125,0.0,1009.27734,-29.78516,9.27734,1013.67187
4627969,-7.8125,-12.69531,1015.13672,-4.88281,4.39453,1022.94922,-19.04297,-3.90625,1029.78516
4632968,-12.69531,12.69531,1026.36719,-4.88281,9.27734,1017.08984,-24.41406,1.46484,1018.06641
4637968,-22.46094,-20.01953,1025.87891,12.20703,1.46484,1018.06641,-19.53125,-5.85937,1013.67187
4642967,-20.01953,-52.24609,1014.64844,-5.37109,-4.39453,1011.71875,22.94922,6.34766,1027.34375
4647967,-12.69531,-17.08984,1020.50781,-15.13672,1.46484,1007.32422,27.83203,4.88281,1026.85547
4652968,-12.69531,-18.55469,1014.16016,-0.97656,2.44141,1007.32422,75.19531,9.76562,1010.74219
4657968,-13.18359,-28.32031,1016.60156,26.85547,5.85937,1030.27344,43.45703,12.20703,1019.04297
4662967,0.48828,77.63672,1028.32031,26.85547,0.97656,1013.18359,31.25,-25.39063,1020.99609
4667973,-1.46484,-17.57813,1043.45703,7.32422,3.41797,1020.99609,-28.80859,34.66797,1006.34766
4672973,-42.96875,-79.10156,915.52734,-6.83594,7.8125,1012.69531,19.04297,51.26953,995.11719
4677974,-2.44141,250.48828,1020.99609,-38.08594,-6.83594,1010.25391,-3.41797,15.13672,1041.01563
4682972,-14.16016,40.52734,1022.46094,13.18359,-1.46484,1026.85547,18.55469,10.25391,1012.69531
4687972,-19.04297,0.97656,1026.36719,15.625,-6.83594,1004.88281,-57.12891,-28.32031,1022.94922
4692973,-3.90625,0.0,1011.23047,11.71875,-24.90234,1023.4375,-84.47266,-24.90234,1014.64844
4697972,-12.20703,8.30078,1021.48437,-46.875,0.97656,1017.08984,-20.01953,-5.85937,1008.78906
4702971,-11.23047,-9.76562,1009.27734,-18.06641,-5.37109,1000.48828,-8.78906,-6.34766,1021.48437
4707972,-10.25391,-0.97656,1021.97266,12.69531,-3.41797,1020.99609,-18.06641,8.78906,1019.04297
4712972,-19.53125,75.19531,1016.60156,7.32422,-13.18359,1018.55469,-12.20703,-8.78906,1026.36719
4717972,0.0,-16.60156,1022.94922,0.0,7.8125,1012.69531,-6.34766,-6.83594,1017.08984
4722967,-12.69531,8.30078,1030.27344,-22.46094,6.83594,1003.41797,-12.69531,5.85937,1021.48437
4727973,-2.44141,38.08594,1023.4375,-46.38672,28.32031,1016.11328,1.46484,-25.39063,1021.48437
4732973,13.67187,63.47656,1019.53125,-10.74219,8.78906,1018.55469,-21.48438,-42.96875,1020.99609
4737974,-21.48438,-13.18359,1021.48437,11.71875,-5.85937,1028.32031,-4.88281,-34.17969,1004.39453
4742972,-21.48438,0.97656,1016.11328,-5.85937,0.97656,1011.23047,-1.95312,12.69531,1006.34766
4747973,-13.18359,20.50781,1024.41406,-11.23047,15.625,1005.85937,-6.34766,12.69531,1021.97266
4752974,-29.29688,-0.97656,1028.32031,-32.22656,0.97656,1021.97266,-10.25391,23.92578,1020.01953
4757973,-21.48438,9.27734,1022.94922,-10.25391,0.0,1016.11328,14.16016,10.74219,1026.85547
4762968,-54.19922,46.38672,1016.60156,-1.95312,7.32422,1010.74219,10.25391,-2.44141,1024.41406
4767968,2.92969,-34.17969,1020.99609,-13.67187,8.78906,1014.64844,-9.27734,-0.48828,1011.23047
4772968,-1.46484,-2.92969,1025.87891,-10.25391,7.8125,1021.48437,10.25391,-17.57813,1017.57812
4777968,-0.48828,9.27734,1017.08984,9.27734,12.20703,1020.99609,13.67187,-4.88281,1027.34375
4782967,-13.18359,4.39453,1027.83203,-0.97656,10.25391,1013.67187,22.94922,-35.15625,1027.34375
4787968,-5.37109,-30.27344,1023.4375,3.41797,-0.48828,1017.08984,-24.41406,-5.37109,1015.13672
4792968,-74.70703,9.76562,1026.85547,-0.97656,-0.48828,1028.80859,-9.27734,1.46484,1018.06641
4797968,-12.20703,8.78906,1023.4375,-15.13672,-2.92969,1015.625,-15.13672,11.23047,1012.20703
4802967,13.67187,-79.58984,1021.48437,-7.32422,-8.78906,1014.64844,6.34766,-48.33984,1012.20703
4807968,-371.09375,152.34375,1001.95312,6.83594,-5.85937,1011.71875,-11.71875,-22.46094,1012.20703
4812968,-1334.96094,637.20703,834.47266,-16.11328,4.39453,1010.74219,-26.36719,-5.37109,1016.11328
4817968,-260.25391,210.9375,953.125,-12.69531,-1.95312,1023.92578,-6.34766,48.82813,1020.01953
4822967,430.66406,-311.03516,1024.41406,-10.25391,1.95312,1013.67187,4.39453,25.87891,1019.04297
4827968,-1744.14063,567.87109,755.37109,-10.74219,7.32422,1004.88281,6.83594,9.76562,1016.11328
4832968,1017.08984,-558.10547,1038.08594,-11.71875,-8.78906,1010.25391,-1.95312,-1.46484,1015.625
4837968,-0.97656,-63.96484,1073.73047,-11.23047,2.92969,1005.37109,4.39453,-11.23047,1019.53125
4842968,-280.27344,187.5,1030.27344,-9.27734,-16.60156,1019.04297,-10.25391,8.78906,1024.90234
4847968,-536.62109,487.30469,990.23437,1.95312,-2.92969,1013.67187,-10.74219,2.92969,1008.30078
4852968,1271.97266,-747.07031,1028.32031,-4.88281,3.41797,1018.55469,-0.48828,-2.44141,1013.67187
4857968,101.5625,-160.64453,1031.73828,-6.83594,4.39453,1018.06641,-4.39453,5.85937,1014.16016
4862967,-21.97266,38.08594,1022.46094,-5.85937,6.34766,1021.97266,-6.34766,-5.85937,1024.90234
4867968,-16.60156,3.90625,1022.94922,-0.48828,-6.34766,1014.16016,-5.85937,11.23047,1020.50781
4872968,70.3125,-94.23828,1022.94922,3.41797,0.0,1013.18359,5.85937,7.8125,1022.94922
4877966,36.62109,-63.96484,1036.62109,-2.44141,5.85937,1024.90234,-7.32422,8.30078,1023.4375
4882972,17.57813,-30.27344,1029.78516,-0.97656,0.97656,1017.08984,-11.71875,-8.78906,1015.625
4887973,-5.37109,-12.20703,1029.78516,-1.95312,14.64844,1022.46094,-13.18359,-0.48828,1022.94922
4892973,-12.20703,1.95312,1032.22656,-12.20703,0.48828,1006.34766,-5.85937,1.95312,1021.48437
4897973,-9.27734,-7.32422,1019.53125,4.88281,-2.44141,1016.60156,-14.16016,-9.27734,1023.92578
4902973,-9.76562,-2.44141,1032.71484,-6.83594,-7.8125,1018.55469,-20.99609,-9.76562,1020.99609
4907973,-11.23047,15.13672,1028.32031,12.20703,11.71875,1020.50781,6.83594,0.48828,1011.71875
4912973,-10.25391,10.25391,1035.15625,-3.41797,14.64844,1008.78906,-3.90625,-10.25391,1006.83594
4917974,5.85937,-1.46484,1039.0625,10.74219,6.83594,1019.04297,-12.20703,-6.34766,1016.60156
4922973,-13.18359,4.39453,1037.10938,10.74219,-3.41797,1020.01953,-7.32422,4.39453,1028.80859
4927973,-6.83594,0.97656,1029.29688,-0.97656,-2.44141,1013.67187,-1.95312,-0.48828,1025.39063
4932974,4.88281,9.76562,1030.76172,-5.37109,2.44141,1016.60156,-7.8125,-6.83594,1022.46094
4937973,-4.39453,3.41797,1027.34375,-0.97656,-0.97656,1020.01953,-13.67187,-10.74219,1015.625
4942973,-18.55469,0.48828,1041.01563,6.34766,3.90625,1013.18359,0.48828,-10.74219,1026.85547
4947973,-18.55469,3.90625,1033.20313,-5.37109,2.44141,1012.20703,9.27734,-2.44141,1000.97656
4952973,-0.97656,12.20703,1036.62109,-6.34766,-9.27734,1016.11328,-12.69531,-3.90625,1007.32422
4957973,-16.11328,3.41797,1042.48047,-15.625,2.44141,1012.20703,-2.92969,7.32422,1021.97266
4962973,-9.27734,-6.83594,1037.10938,-3.41797,14.16016,1004.88281,2.92969,-4.88281,1019.53125
4967973,-20.01953,16.11328,1032.22656,-4.88281,0.97656,1025.87891,-1.46484,2.92969,1014.64844
4972973,-0.48828,10.25391,1029.29688,5.37109,22.46094,1018.55469,-8.78906,-10.74219,1012.20703
4977974,-13.67187,4.88281,1034.17969,-2.92969,7.32422,1009.76562,-24.90234,6.83594,1028.32031
4982972,-1.95312,-3.41797,1028.80859,-13.18359,1.46484,1022.46094,-6.83594,3.41797,1028.32031
4987973,-12.20703,0.97656,1028.80859,-9.27734,0.0,1012.20703,-8.78906,-2.44141,1012.20703
4992970,-26.36719,8.30078,1023.92578,-12.20703,2.92969,1022.46094,3.41797,2.44141,1019.53125
4997968,-18.55469,1.95312,1035.64453,-20.01953,-2.44141,1026.36719,13.18359,-7.32422,1009.27734
