timestamps,ax_filtered3,ay_filtered3,az_filtered3
1,-0.33860459111840135,0.024185971461319587,49.89578691983291
5472,-1.0706397767087914,-0.16538616392002747,257.7030511871427
10539,-1.1050895488516546,-1.2006239382802768,615.3299961219147
15560,-0.7064948422345909,-3.138918021445289,945.2598326495921
20546,-1.9890687182214366,-5.0111234039662405,1109.415180851189
25565,-4.825644884443734,-5.520611099657288,1119.950139443127
30556,-6.956328668715181,-3.698064557526657,1063.931822583154
35544,-7.949019946153046,-1.0242250910662953,1013.4001059549485
40528,-9.026195054561159,-0.8281126204295435,993.6721100889439
45548,-9.396732198206386,-3.443496947444606,998.1514602361731
50541,-7.158555484961388,-6.177931258140496,1011.0675921182938
55526,-3.1666392792835905,-6.322828232965337,1021.2073882319421
60518,0.12899657667673453,-3.448941861906756,1025.0041643355232
65516,1.1498378778195377,0.0013942638671780583,1023.219260964529
70511,-0.35092744929123376,2.5466583565069496,1018.4003485250184
75503,-2.3511299367548526,4.054998920945539,1013.7924557333056
80492,-2.3050054206697776,3.2780433652174117,1011.4495167466047
85518,-0.5582261100828296,-0.3312357545706843,1011.5120451442476
90513,0.8493186663871092,-4.429435928599624,1012.0725532040166
95510,0.9126747548282664,-5.964064102724502,1011.390092979017
100507,-0.5265957661904822,-6.021118418420469,1011.086359935274
105501,-3.2583979041389783,-7.784899705141059,1012.8818953451803
110493,-6.123543318610328,-9.981787884615809,1015.3273842386081
115484,-7.21761088249217,-9.331505619703632,1017.0467103149364
120472,-6.097233467025609,-5.959772771169237,1018.0735812731531
125464,-3.533861704133813,-2.2410244957275864,1018.4796202072082
130465,0.8359852512559507,-0.22546711943545256,1018.6187334608992
135465,5.638188845383261,-0.8052359269755844,1018.1313479206015
140466,6.81271433165356,-3.481849062910612,1015.9278886610709
145467,2.7285172906029307,-6.5153517265394845,1012.8553097371747
150468,-4.059337577724971,-8.523178863590271,1011.5980766864355
155470,-9.063023179879826,-9.69416262453631,1013.5199703793671
160466,-8.563021931145652,-10.075314662223759,1016.9544996181153
165506,-2.314888962279539,-8.988217290383355,1018.5879016569523
170507,5.020196651831713,-6.605343312072208,1017.2235632458472
175499,7.231872260810439,-4.186171963651014,1014.8054036930346
180491,3.0180751036932527,-3.319226889510753,1013.5088274454369
185489,-2.285787317013645,-4.658872016675185,1013.9326088996542
190487,-2.9618915890397757,-6.461318596138179,1014.8249192298708
195485,0.13717005904625723,-6.29456294671141,1015.3397916056756
200484,2.147654954746624,-3.8942146277491507,1016.1977396063398
205473,0.4439956515787946,-1.179335568622876,1017.3219995784233
210462,-3.741255524291173,-0.5431001217232967,1018.2956324510969
215455,-7.189927616246465,-2.3300141688182596,1019.0771035779802
220451,-8.107840100008866,-4.958760430800641,1018.8335580761491
225447,-6.55272691242666,-7.141443107122583,1017.4394529076795
230446,-2.889070757237447,-8.142622404172753,1015.6130480208421
235446,2.239071307074979,-7.302515469538505,1013.387583743963
240449,7.095576202278764,-4.285656238722559,1011.8324254564792
245447,9.04541412455846,-0.6322083920671133,1011.8789260145697
250444,6.605947968952181,0.9033883090744285,1012.2491386765209
255445,1.9226223514385072,-0.5761027758424127,1012.3843209423038
260448,-0.5852327264384216,-3.6828585112119674,1012.7738721481509
265447,-0.6000758642030067,-6.17239576770894,1013.5945828699828
270447,-2.0325267986947617,-6.792306481650012,1015.2147674486893
275447,-6.087885011523513,-5.67591351889832,1017.9583894776355
280447,-10.45804128675601,-2.548901639700726,1021.0750137017011
285446,-12.064330916566611,1.4797563206975015,1022.4779763750425
290450,-9.271256368863357,2.421090491564452,1021.494751112748
295448,-4.155668637833212,-0.16413591044873166,1019.5634317889874
300448,-0.28013847550491755,-1.6476121590261945,1017.9308933901942
305447,0.5638087199057972,-0.6201151309991297,1017.1459118969483
310450,-0.47219687336293586,-0.5155593396289424,1017.2490372040138
315449,-1.148926438312755,-3.949797683823047,1018.0046804904383
320449,-1.4365715865665287,-9.612709675510938,1018.7027657586589
325509,-2.337430879090334,-13.20764379158554,1018.8087166798935
330517,-4.00277776420468,-12.199494232490546,1018.5500944201015
335520,-6.317894137476739,-8.19381174369363,1018.0301703390071
340522,-9.012985520950718,-4.325233904599143,1017.6690156268915
345520,-10.569203432965379,-2.793526011013492,1017.8900110356556
350522,-8.91000814955463,-2.76731198577284,1018.0846463472849
355520,-4.964355423747967,-2.1815224591770703,1017.5509643923173
360520,-1.6279942223627402,-1.3323027263308875,1016.608185834903
365520,0.4084153461777251,-1.426852857388072,1016.0802830409582
370520,1.2864297210021276,-2.38562559723498,1016.001130798843
375522,0.11551992637797287,-2.494524301305553,1015.7355111483628
380520,-3.1959535025944583,-0.8059009090648686,1015.6269176292872
385522,-6.760792499824898,0.37426449251618427,1016.6421342116379
390523,-8.372575331552776,-0.3395508634161267,1017.3528084812731
395522,-8.220603491933128,-0.6450883523977038,1014.9658992300117
400525,-8.042250267160796,-0.07469577400186567,1010.8219628134445
405528,-7.727475556509381,-1.4260171320465047,1009.7735468387001
410528,-5.820271091147516,-5.031470452730984,1013.2872356727516
415530,-3.0973562361337814,-7.621224072501264,1018.4476849829914
420530,-1.2174942266191355,-6.904485433814604,1021.8297583449296
425532,0.47124053605606725,-4.064671785393444,1021.8781684790644
430535,1.645363252431191,-1.9592241400322796,1019.8320628728216
435535,1.0774927032942019,-2.091871752512349,1017.088746596415
440534,0.09923976938380064,-3.320051945561632,1014.2918821147783
445537,-1.0125482079739685,-3.9777541079261205,1013.4192398939686
450537,-2.9594501280817584,-3.905479358313486,1015.1589509784594
455539,-3.92959090559422,-3.2185560896648284,1017.3298026358839
460538,-2.863415705668886,-2.0050345937589427,1018.9323604776441
465542,-1.217653395951931,-1.232428646118059,1021.3130431766251
470544,-0.37454691938033235,-1.0846353289412602,1024.4964578772851
475545,-0.6352666385444244,-0.6304021862560013,1026.1062514404196
480543,-1.6368380124057782,0.8200286436679092,1024.6864004613615
485545,-3.010894249031132,3.1769918441759493,1020.8311582982451
490545,-4.768639475320133,3.5901441698943017,1016.0620535864136
495546,-6.621543926080879,-0.44193144683948754,1012.9114303958658
500553,-7.401862634946701,-5.525051624300267,1013.1511440889157
505552,-5.398837669772405,-7.504022390877146,1015.5941641739979
510558,-0.4134581709412892,-7.159930539454009,1017.8318919558251
515563,3.8292805583269356,-6.2282469112531516,1018.9340709199398
520558,3.3644636028299746,-4.762918308290283,1019.598585392406
525565,-0.21547982419009679,-3.1050449814424006,1020.8067976316067
530564,-2.814084270628888,-2.4813303598670755,1022.0935023984282
535563,-4.252556791694827,-3.555055775422213,1022.0411064422133
540565,-6.374220768299968,-4.887385136846624,1020.8158502166107
545564,-7.906079683891011,-5.287848629021855,1019.2673212088321
550561,-6.980607223827458,-6.3524508457909805,1017.6121531861086
555560,-5.131481666878916,-8.7277620513168,1016.549507727577
560568,-4.007359380137821,-10.076362716250253,1016.2291902427822
565573,-2.8931724471409495,-9.387139166511563,1016.4410874841511
570574,-1.6666310450193422,-7.926623925676108,1017.6587087309787
575574,-1.2973889026986842,-6.145303754601062,1018.9544468522475
580573,-1.5200988206514618,-4.319833694753924,1018.9162035534595
585574,-0.6575697728670009,-3.696816458107549,1018.1861214673942
590574,1.8323378994060422,-4.7960865570964,1017.9541060536787
595574,3.2237570473866803,-7.271266184134957,1018.4292103902682
600572,1.41250937719608,-10.191246866132603,1019.5742281671922
605574,-1.293160637281522,-11.3114823627184,1021.025757585262
610573,-2.404253218984025,-9.180554227767225,1021.18276061451
615574,-2.5213139538835647,-5.383976767456614,1019.811348276408
620574,-2.3777390097781934,-2.706740022407776,1019.1309047750572
625573,-1.6778644842468569,-2.6702341131018206,1019.3888969120842
630574,-1.416063390378419,-4.669394479504254,1018.42537852781
635574,-2.981955469111558,-6.310235676118691,1015.0734939932915
640573,-5.274151841025441,-5.49019557648231,1011.4738122253409
645691,-5.263751437491627,-2.171318338809092,1011.3052150793794
650696,-1.7437779600807735,1.105871507750031,1014.4104055654932
655696,2.2649879255520604,0.8062202093320323,1017.1560978747877
660695,3.1927168628645477,-1.921751893651571,1018.1137328444432
665695,1.675473235925936,-1.3356075192840133,1019.5331224145147
670695,0.8107942262924346,3.040814731882823,1021.5713361799241
675695,1.7637809965439966,5.189566939530899,1021.197173308078
680696,2.1028935162764473,2.2542723237641895,1018.6929727924537
685696,-0.8007762387104199,-2.798571815359618,1017.3161086580092
690697,-4.980713756158692,-6.4516776960205355,1017.8187036968448
695697,-6.802510390054169,-8.116257382365207,1018.2661472614789
700696,-6.144258153551603,-8.832932176768669,1017.7628628757749
705695,-5.243670157930649,-8.478361233297768,1017.3229070266024
710696,-5.220758294953528,-7.047162485805649,1017.5622162592306
715696,-5.464165435558212,-5.3911141791463315,1017.9803809290008
720696,-5.663049094893485,-2.551784187863523,1017.8037513711068
725697,-5.9150699586429525,1.6542562109715329,1016.8083789154841
730696,-5.740227781700082,3.8260149832500754,1016.1467878465112
735700,-5.098850319166165,1.902709715841541,1016.6994858639426
740708,-4.437464081345651,-1.9412111740998925,1016.5524229060785
745708,-3.486612588605711,-4.237742521318201,1014.3578539200372
750710,-1.4960571033401988,-3.697791545082909,1012.8813170650064
755711,0.8992030438673165,-2.8482137324634955,1014.2690154650908
760713,0.7107671241033735,-3.544850337304726,1016.6550363944983
765714,-3.416270266019371,-4.218135047859324,1018.0405533030349
770722,-8.500199493965159,-4.761368248246194,1018.5438378372643
775729,-10.980618351585376,-5.987403189553084,1019.2428414213463
780733,-9.200060748226692,-5.893160474273646,1020.742150275846
785743,-4.50906082978298,-3.2154787417297643,1022.1880199563462
790758,-0.591005465206953,-0.31453525340649724,1022.6064456002513
795772,0.9420760866439004,0.2865230983169005,1021.712461079286
800782,0.13497896884182425,-1.7051051340840142,1019.3240354438717
805785,-2.902074480921977,-4.545784140818408,1016.793338375009
810798,-5.7789171384811135,-4.7812788439234435,1015.9723930536767
815811,-5.595421661921356,-0.9337199920127317,1015.6041985225621
820830,-3.290578801014676,3.5270553421834947,1013.3674586360669
825842,-2.5635377983260415,3.7748696127856105,1010.6698390664997
830848,-3.902187530464055,-0.1320552596322644,1010.9278589098059
835859,-3.6869801843462917,-3.479754811405717,1013.0629559535853
840867,-0.18002998965561523,-3.261951807455164,1013.3721033692036
845875,3.7540589003880753,-0.22567069000684048,1012.4018773379177
850887,4.777412594518546,2.3266854891808704,1012.538655660664
855895,3.5181982353040424,1.4920313036267654,1014.3828324485615
860900,1.9816085562113193,-0.9325241239336979,1017.0223453431103
865914,-0.7213448795270825,-1.6078679824221505,1017.9781318249903
870923,-5.360462910267155,-1.5457737098024562,1016.0546209149044
875932,-9.758525181433146,-3.175773317865074,1013.4213656301662
880943,-11.770652214440275,-5.302693049975293,1013.2832263992038
885948,-11.372451523945864,-5.252453825507567,1016.8428869891818
890948,-9.510682451605367,-2.9951616112727413,1021.2685740167185
895950,-6.208756079898892,-1.0873222054638736,1022.4633446600761
900950,-1.2427865098810134,-1.3294783124654854,1019.8833243676788
905951,2.9453227968406765,-3.6676219820510365,1015.8172391290561
910953,2.5369200884301533,-7.5009048996659065,1013.2705974295029
915953,-2.4900347702526844,-11.159148467941252,1013.269665947516
920953,-7.784175340236129,-11.903156264375323,1014.0695882903668
925953,-9.114714764547589,-9.516293851775737,1015.2776883738569
930953,-5.685537740806609,-7.55145925257404,1017.2371301602179
935953,-0.7788852881486725,-7.636749439060881,1018.1060604892751
940950,0.9254554582442582,-7.3474689481492,1016.4914796747859
945950,-0.8830930580874705,-5.520384522708668,1014.0871912130483
950950,-2.091863165696754,-3.8282097722432153,1012.8271993607468
955953,-0.479195685316365,-3.553270810588931,1012.5479665053208
960953,2.857374612218059,-3.4341885300970456,1013.3496505598473
965953,5.300231658908624,-0.7387033535255954,1015.3177070183001
970953,4.345709249481716,4.4766004360097815,1017.4433805161657
975953,0.23061469495553827,7.902902066922528,1019.1861164840277
980953,-4.3239145613693175,6.3280892573098715,1019.1562963340299
985953,-6.25469149012579,1.7438717745696493,1016.2909426519999
990953,-5.048793612249585,-2.498340245038008,1013.8271230811916
995953,-3.124855711806811,-5.0345006749397365,1014.7441484664809
1000953,-2.2122946054136716,-5.176780442063563,1016.6458789001333
1005953,-2.881076818806471,-2.9038144724201143,1016.3541969069403
1010953,-4.657029907131879,0.3817011650863131,1013.8506802558752
1015953,-5.6698576507653335,2.597744380590219,1011.043988755102
1020953,-5.485176792423097,3.392688442348137,1010.6458957222452
1025953,-4.737821446551616,4.290911745039355,1014.8150067406483
1030953,-3.2184415942394797,4.723832473405442,1022.1374715989157
1035951,-0.44818804985481564,3.7438093340925214,1027.3022910770278
1040950,3.41245080476756,2.8145317190962014,1026.8226422733449
1045953,5.986080180722662,1.8718172610474433,1022.8815239940013
1050953,4.56709076820139,0.5384090101772911,1018.6461954639691
1055953,0.35304414645072946,0.38785191360013094,1014.3459968365253
1060948,-3.249620804643113,1.1561390618101126,1011.0285523691615
1065949,-5.109529313608494,1.0508439952205986,1011.4938790631711
1070949,-6.456430664006901,0.9051683531733409,1014.7183416105363
1075950,-7.876359565681506,2.6322327902189464,1016.7891618859227
1080950,-8.046917921410978,4.048605799871323,1017.3297659441472
1085951,-6.160594847332429,2.077890299472885,1017.8316344875907
1090953,-3.48947715451878,-1.8062213696054565,1018.4689295692315
1095950,-2.2300349124811745,-4.631681708700642,1019.7085694762891
1100951,-3.5024932693383595,-5.77323507728697,1020.8712903071696
1105953,-5.924856413879823,-6.877649558174213,1019.9236319911251
1110950,-7.341776839252683,-8.602182826290388,1017.579467720076
1115950,-7.235730185896075,-8.906229609430326,1016.4493892117066
1120953,-6.871288119455885,-7.195662250213155,1016.7339286208055
1125953,-7.20055662765021,-5.161540014430925,1016.7299357265141
1130953,-7.12076600152898,-3.9094703145402248,1015.3557793037935
1135953,-5.636140667840941,-4.166744146685357,1013.4383102087987
1140953,-3.4557403680382937,-5.540541536821906,1012.1661529889949
1145953,-1.4607964086374108,-6.495013979717688,1010.9382705064606
1150953,-0.8669085242835419,-6.127111405509096,1010.616488365692
1155953,-2.5708977485160633,-4.644172105085221,1013.9693262844788
1160953,-4.834394343987667,-3.357019444728298,1020.1207643857266
1165953,-6.027394592639043,-2.8911843334735736,1024.4309815248446
1170953,-6.605135507530792,-3.1139732094374506,1024.1687784572423
1175953,-6.467752980395549,-4.729011294962539,1021.107234584468
1180953,-6.626678816651771,-8.006793978481404,1019.4387898427751
1185953,-9.163281119311804,-11.375047826427346,1021.8198473939353
1190953,-11.884331013220304,-12.04490592281439,1025.9062848522874
1195953,-11.07741596430554,-8.995782828970466,1026.3972304566948
1200953,-7.507226245579952,-4.531716642995034,1022.4443186985634
1205953,-3.6665447137313087,-1.2447181159345997,1018.266132091975
1210953,-0.4165455996052299,-0.2814832078146204,1015.9640114499908
1215953,2.1702519915905896,-2.1651023760481403,1015.5556137743292
1220953,3.515739694988338,-6.264269051902602,1017.147640384086
1225953,2.347943099125169,-9.897992996229348,1018.7468474711824
1230951,-1.0884961941467277,-9.906320802289754,1019.0779828017965
1235951,-5.3167678797668385,-5.533236615413749,1018.8109585072997
1240953,-8.990610625686376,0.770343432588939,1017.9584630675956
1245953,-9.871016156544878,4.542112903695805,1017.5621750361162
1250953,-7.420148011557504,3.0117382528138448,1018.8191530572212
1255953,-4.417471026743906,-1.4662319288418828,1020.2203369570049
1260950,-3.360208655260203,-4.455769512636757,1020.8464617060837
1265951,-4.343347980117503,-4.781920288823929,1021.0380323236614
1270953,-4.961305663130363,-4.930712564450906,1020.219763972706
1275953,-3.1806274699164025,-6.7154335075210625,1019.5363558657116
1280953,-0.9621180483607493,-7.956558955661715,1020.1846619688778
1286223,-0.9180754523057942,-5.855219810442019,1020.212455190352
1291238,-2.310664434251643,-0.5948219770511801,1018.5384873967133
1296244,-3.315159214394555,5.26253926490401,1017.4857689624275
1301252,-3.603813568423783,8.116392844695207,1019.2211784394494
1306263,-4.18174770586311,6.895510767600177,1022.4168140210762
1311269,-5.951683183425166,3.4512340406269617,1023.9064119103249
1316282,-7.935990635792155,-0.5655901750303193,1022.2978767069363
1321283,-8.07362206464398,-2.9314209168781797,1019.469661519783
1326283,-5.887101596214614,-1.6179349456944552,1018.8142126336023
1331293,-3.1855178252814,1.7511143007344991,1021.3955961514151
1336307,-1.321106601287981,3.14378109604739,1024.8484641218977
1341315,0.28206942040135285,0.7842752918379136,1025.6192027705315
1346323,0.5180827263025921,-2.946087934014408,1022.6534004752014
1351342,-2.0256329511075957,-4.817689376297099,1018.9531757783614
1356355,-4.779500481697849,-4.938939874784523,1017.1384447156227
1361361,-5.209032474816138,-6.008403607287703,1017.0271469545105
1366365,-4.9643301371879245,-8.488668776584369,1018.3282389851764
1371364,-6.598590702023275,-9.312718927814524,1020.6590845326491
1376367,-8.7753092829453,-7.04675532237223,1023.0753523815645
1381367,-8.416205913805497,-4.085341034705657,1025.1413559563966
1386368,-5.330620915035533,-1.7786463450977965,1025.7460493645144
1391374,-1.5938145670882058,0.5071471925637631,1023.8441674914749
1396370,0.843614348860166,2.2075517047672886,1020.3130059570806
1401366,1.3308747182142109,3.321436245926494,1015.8514115206278
1406369,0.15922903443970488,3.674629944686714,1011.70195741012
1411370,-1.229634982043498,1.5124348880819793,1010.6359341861429
1416368,-0.9208576625716115,-1.6484885930952509,1013.0006825353162
1421367,0.07377672029091853,-2.3650101332410842,1016.2813729870626
1426368,0.19440049812332644,-0.4974550048654031,1018.6634694099904
1431368,0.9909297773418759,1.4454623456011555,1020.2478200155174
1436368,2.6467146425317187,1.530599009303192,1020.7861097397041
1441369,2.8477634552909374,0.6071967665783878,1019.5003577272574
1446370,0.9262078499585363,-0.49917257089320943,1017.5598307031393
1451377,-1.7745754204897404,-3.04101550716289,1017.3866213771425
1456382,-2.556046461357208,-6.028875311371882,1019.9066424142727
1461384,0.13407684713617563,-6.045821269364503,1022.9781458124207
1466388,2.8752945195704873,-3.5139742676734214,1023.5600248488125
1471391,1.1782114535303223,-2.640831001802538,1021.3815053962533
1476399,-2.6693988215790223,-3.8743865674720204,1018.3605189692886
1481421,-2.920834791173786,-5.977706540241726,1017.8978290214369
1486441,-0.16440774120666435,-14.626073229295002,1023.0081182997081
1491452,0.31303563212133745,-31.192996207461235,1030.1093574381669
1496459,-3.0442362949243797,-40.14222112208254,1031.9829945904978
1501471,-5.664165512298001,-28.230175648357555,1027.7452076409486
1506480,-4.0083915459308805,-3.5262891897392934,1022.5197666047817
1511487,-1.2799790448409794,15.388583100854692,1019.7281650396601
1516500,-0.3486187376280423,18.33184367007637,1019.3196844301823
1521508,-0.9129862803585863,8.822871090464952,1020.6242738273878
1526518,-2.8084794375576596,-5.247907040719491,1022.0881759521025
1531528,-6.569811665230919,-17.6212629971983,1022.2202662921034
1536536,-17.462479765748377,-23.418849561040215,1021.1960696305448
1541544,-35.93719461658504,-24.328938502177596,1019.486942625162
1546547,-43.59287799974396,-24.362213928149586,1019.1753131190017
1551554,-26.764890835650498,-20.672239674314202,1022.1834449402203
1556561,-2.687947793960155,-11.62561817732233,1024.6200708886895
1561560,4.394992903086714,-3.444924208192782,1022.001323642197
1566570,-4.9573273625695915,-1.5411807101704205,1017.5320905883987
1571575,-12.550822942381387,-4.211557678731936,1016.8676126485408
1576575,-11.785219082434214,-6.012695118520391,1020.2479027594809
1581574,-9.463120051219718,-5.089893586867124,1026.0297137620153
1586574,-0.7253375615111781,-4.752524951799412,1032.5771605536397
1591575,19.792010460093536,-4.936455895053542,1034.8126638277702
1596575,36.27409622937304,-1.5331818799671022,1029.4174394122663
1601578,33.4492876360593,4.046785699900881,1020.5115817032009
1606578,15.210447111923255,6.201542951544482,1014.7585364652583
1611579,-5.808335522339693,3.1865100469752496,1014.6170588226561
1616579,-18.700340484847473,-1.9666633911751867,1018.7774872225721
1621578,-19.170106225981836,-5.341419986245039,1023.7881720162156
1626579,-10.858018986498005,-6.4302544009779945,1025.5827069692004
1631579,-0.7868240563392431,-7.241775696099481,1023.8105498843115
1636579,5.041435994080586,-7.722538123168262,1021.3379502691688
1641582,5.248107883518277,-6.874743470099382,1020.5743671504979
1646586,3.1581332189006424,-5.038051902062757,1021.599148175717
1651584,1.4855753905131253,-2.9313781178147007,1022.2066876971775
1656589,-0.37761448876131143,-1.3306182832939137,1021.2235204004364
1661607,-3.964073247437835,-0.05493053428411182,1019.799524063033
1666635,-7.935680076598476,1.4500052587165864,1018.9128814148589
1671640,-8.908275643157795,1.5397062720787367,1018.7624388254394
1676656,-5.543300837324848,-1.8639546395285662,1018.8634010706172
1681671,0.600444796763956,-7.004064516177494,1018.2618701000856
1686686,5.698503861484277,-9.21673372632207,1016.939858780293
1691695,6.141059868603122,-7.470040755079288,1014.7721448095347
1696703,1.1722924012592426,-6.0599060303117875,1012.0989892525802
1701711,-7.326682526996421,-7.513956951799579,1011.8432060739616
1706717,-14.04563633181173,-8.66233152529494,1014.8249517060093
1711726,-14.808258246372388,-6.831381178382322,1018.0025037594482
1716734,-12.57616163024781,-4.105076444924941,1020.1646615415797
1721752,-10.498450521776254,-0.2897745207236042,1019.8121000757087
1726768,-6.308376052911132,7.50468203924281,1013.2563910240123
1731782,-0.5950716213817346,14.886195221594388,1002.5545167009229
1736788,1.019076276970549,15.081221017304294,995.4801612012844
1741801,-2.656876191596109,8.946816509272917,997.4330173945649
1746817,-8.280125195645173,0.717051108560039,1006.6339062841888
1751831,-12.589535752060694,-6.53245042432874,1015.9100008025262
1756842,-11.214777889257597,-9.372016775265557,1020.0700728244879
1761854,-4.708335967470897,-7.381260334955924,1019.6672569413414
1766861,0.6481671610046564,-5.3241787662029205,1021.4033263857091
1771866,0.8402366477241658,-6.306933179240639,1031.1911357220072
1776875,-8.636911332049976,-11.315010270325494,1041.6870416571526
1781888,-25.671298318093353,-17.883863985573157,1040.8521547365376
1786898,-32.964632231314674,-17.546848082752632,1031.9668480345579
1791911,-19.280215404443073,-8.025266796553884,1025.774003454669
1796921,2.3480787414732514,2.3822677802160888,1021.5996384578519
1801932,11.338902179737754,6.10514955497143,1013.6193736831218
1806944,4.482814536892387,3.241815119769284,1004.4882520746905
1811950,-6.132112325142059,-1.9920664236513872,1002.1708697531631
1816951,-10.496680232689677,-6.43851645036696,1009.2322310776797
1821953,-7.552977987876729,-8.115039494998163,1019.3638926111068
1826954,-3.3072431947382626,-6.794689158603446,1023.725755541351
1831956,-3.055594061127931,-4.875637492245737,1020.6114222427071
1836957,-4.852924205131931,-4.521286686803744,1016.2962242560519
1841961,-5.539881658446186,-4.876240681293523,1014.5585207680232
1846967,-5.221865919290754,-3.287650636905618,1013.4447118905471
1851973,-4.9362959678022085,-0.34785756123711675,1010.2017128371879
1856973,-4.944629627058802,0.5106829422132992,1004.6958876974642
1861973,-3.561336096920352,-1.1895432438232987,1003.2560272058671
1866973,-0.6270629665361813,-3.8171060437200937,1009.3214937333191
1871973,0.8268518117874586,-6.2216056661654955,1014.8712422730533
1876973,-1.5604563177733795,-7.517771778666165,1014.6507162962698
1881973,-7.239597273352857,-7.543090423210319,1012.8189243321183
1886973,-12.823078929284383,-6.9775122080798475,1013.1564533951902
1891971,-14.332727187890786,-6.118507136676368,1015.8330759663488
1896972,-11.604791300044292,-4.1630937522474065,1018.6251418735955
1901967,-7.766736797363157,-2.3142244329776056,1018.8437128763044
1906968,-4.567181512902617,-3.028974010143887,1017.6200351981695
1911967,-2.4918022976015695,-5.408874310576868,1018.3172586681433
1916965,-1.681610955622147,-7.68804132206531,1020.4686290022973
1921965,-1.7438052058917521,-9.528202875779783,1020.742448152091
1926966,-2.67447444767189,-10.166146443924376,1018.5710525259383
1931966,-4.205589927597106,-9.166764576436515,1016.2990004217306
1936972,-5.708285779817261,-7.16207294627768,1015.0870222390915
1941972,-6.444377928027735,-5.011531930996587,1014.4771665993295
1946972,-5.15874900212182,-3.1656039292160014,1014.5408909655641
1951972,-2.1987600113334773,-2.0961560992679336,1015.8882071265542
1956972,-0.43283488817001015,-2.349851746324651,1018.8006625342597
1961972,-1.3038478437838905,-3.231347057066423,1021.715354166257
1966972,-3.1612898585241704,-3.931686193294193,1022.6802258215885
1971972,-4.760265063670199,-4.384575390017894,1022.8029284362493
1976970,-6.195227475499525,-3.9643699620742674,1022.9173952326596
1981971,-6.642833245892823,-2.048119058661758,1021.4290881902356
1986972,-5.151051909398227,1.0812503284953268,1018.8389010064813
1991972,-2.3122720819038323,3.99788477861519,1017.5580725086515
1996972,-0.2830036313391062,5.182663954305667,1018.5623302913214
2001972,-1.1222559365378695,4.6703433173449636,1021.2553780312157
2006971,-3.5055555672281695,2.9025637786693728,1024.0895865656169
2011972,-4.830662051455763,-0.37308202089654363,1025.574284902431
2016972,-5.625441364214505,-4.446393018421173,1024.633747500095
2021969,-6.8499204688262,-6.562649621993651,1020.3343809331168
2026968,-7.7086033702539085,-5.114311942586477,1013.7309908837794
2031968,-7.576668477511436,-2.157024174179929,1007.8325682065547
2036968,-6.38981243178249,-0.09295610563236015,1004.982382412101
2041967,-5.317639438874155,0.8820915271662328,1007.0185315413761
2046967,-5.484321019440689,1.3487340684505718,1013.7962891833791
2051965,-5.897868893627336,1.7143802960217351,1020.8776090256349
2056966,-5.969556785014547,2.2632169948669683,1024.185368664765
2061970,-6.900566978137847,2.178643533247589,1023.7681857065888
2066968,-8.787544253800183,0.6120449989837546,1021.4490676196069
2071968,-8.358748041617224,-0.6142125290187037,1019.9599949457915
2076968,-3.5313665255226985,0.41819320134298343,1021.6244559212615
2081967,1.1323068524783069,2.521399032471327,1024.2994333110887
2086967,1.0254859940478733,2.9651673737308704,1023.5528681662321
2091968,-1.6792548677669465,0.2486070688009642,1020.0372739765637
2096968,-3.9116373810939837,-3.579932045955923,1018.7028428529359
2101967,-4.879712339575704,-5.085046704717574,1020.6570781245252
2106968,-3.6867896157416036,-4.180867999469366,1022.4772296763929
2111967,-1.5233605062761388,-2.9004694979889623,1021.863111165452
2116968,-0.5052969466394932,-1.5963320560694123,1019.5232165889095
2121965,-1.147396242083942,-0.5573235302790569,1017.5309623838898
2126971,-3.4406829250050412,-1.1938546592425332,1017.195307278114
2131972,-4.8893414637454296,-2.7912997215905544,1018.2322427601385
2136970,-3.1059546866623795,-3.7468560545109773,1019.033426871147
2141965,-0.8010840959275637,-4.413557998461373,1018.1564489314688
2146964,-1.0148811029310032,-5.130240780411671,1017.5208832733219
2151972,-0.517486925154444,-5.243642301322308,1025.0733354181489
2156971,3.888615465392271,-5.065225429372208,1044.1589967786404
2161971,6.092998596402421,-5.966102610529202,1059.9755159167355
2166970,1.4238806232451688,-6.596359494315964,1055.783477839531
2171968,-5.726522294840951,-5.806430153676002,1035.859204664658
2176968,-11.787629364264188,-5.831754230083124,1018.6516775808078
2181967,-16.770576051185834,-6.425191908806948,1013.7847417650079
2186968,-21.600700946415408,-7.85896917105052,1014.4097270296631
2191968,-24.24144326709246,-11.800038840106932,1011.194348708917
2196968,-20.329620911289638,-14.27804587647089,1003.8617535430723
2201967,-11.999912578124713,-11.927396440309142,999.7698860177285
2206967,-5.044884302870096,-7.84521029776226,1003.7388394872227
2211968,-0.6255402009375457,-5.417942358611439,1011.1070630177427
2216968,-0.34434770070708054,-6.106423957679091,1015.5443263118768
2221967,-5.400217049212678,-8.807208591864239,1017.0622223774507
2226968,-8.950902630977769,-8.737352988156283,1018.1314710114965
2231967,-8.04382497362388,-5.202604176616775,1018.4934151160479
2236968,-9.230186480738645,-1.6854986393103126,1017.8952153755203
2241967,-13.083479717636866,1.377704129872434,1017.8937043834499
2246966,-13.586834246313524,4.23381444258434,1017.9711463727365
2251966,-9.18647833615636,6.050203028407468,1016.069073664632
2256973,-3.601133411615639,6.861044877789135,1012.7649195327122
2261972,-0.24316158956024764,6.714860955814952,1011.9048178268343
2266972,0.9097363510011223,4.87651797590616,1015.4582682090686
2271973,0.6576113699819993,1.5269776128349892,1019.9965274956227
2276973,-0.3862519611349722,-1.831249534901199,1021.8557990086392
2281970,-0.44252073051342905,-4.114930990591736,1020.4282099592326
2286968,0.7401144900212804,-4.021986630444201,1016.6495574924803
2291968,0.8970372419600269,-0.8524329546843004,1013.7505912567924
2296965,-0.13840657171016163,2.499411936404576,1015.1855216405838
2301972,-0.5138421549548768,2.0483984254966026,1018.2771959064962
2306972,-0.7157467061416658,-2.0647153454896436,1017.8110077279139
2311972,-1.339611938274018,-6.430971106741829,1014.372130232492
2316969,-2.1691861153617307,-8.534537698525952,1011.0058618447129
2321967,-4.395559489333505,-7.635974393353162,1009.4961328554781
2326968,-7.7728904350771835,-4.205736958614515,1011.2072157909129
2331968,-10.165181220065662,0.4126828369633627,1014.9915979544259
2336967,-10.05459331886875,4.0959077116227185,1018.1350565709569
2341967,-6.936700525864096,4.521351107965652,1019.4378761948683
2346967,-3.164215488105693,1.9518639444971835,1018.7290404233722
2351966,-2.3867010902809724,-0.894903931978442,1017.4801627604497
2356972,-3.993620306968694,-3.10555428749831,1017.9111587608929
2361972,-5.10817833183732,-4.724144686930923,1018.554600534004
2366972,-5.298698452279699,-4.829664773490965,1017.2823245921709
2371972,-5.304374401327231,-4.614087624021137,1014.6658537637691
2376973,-5.38029319486614,-5.359659917898844,1010.930967170294
2381972,-5.321498436945534,-5.036101472273826,1007.8016321902932
2386972,-4.185317293479074,-2.3218125904006586,1007.6620954951288
2391973,-1.8039878520379893,0.16547385569992656,1008.8972343605946
2396973,-1.2224872407434773,-0.9172908295289255,1009.1276756377878
2401973,-4.877344785767074,-4.669202694035831,1008.4198767983585
2406969,-9.80527453551867,-7.158468057518903,1009.2277174022969
2411968,-12.012558441214832,-7.032557364778676,1013.9316234855263
2416968,-10.611180883466002,-5.67074109788539,1020.9141994753649
2421967,-7.787026472806794,-3.2854860261400924,1027.4129225454597
2426973,-6.897507598873844,0.05511669786254164,1030.0994218421895
2431973,-7.5154244173063365,1.7870163244282955,1025.2340566962516
2436974,-6.794550817847701,0.7146966695400103,1016.9618761740709
2441973,-4.267634546760689,-0.6233242953963355,1012.8236051908517
2446973,-1.7007029068292256,-1.120573996443694,1012.9568650298972
2451973,-0.6676528961131828,-2.0999908448074445,1015.7228122799564
2456973,-1.0991489952432336,-2.7618439670470396,1021.2970337960926
2461973,-2.6430408675594954,-2.3614670618200395,1026.3025853031013
2466973,-4.937559797129923,-3.3845283068340932,1026.8063727013382
2471973,-7.410909568861973,-6.611894697224476,1023.0072302981414
2476973,-9.52940987746519,-9.280261007121357,1018.5207414149439
2481973,-10.343858272584242,-9.259744690786485,1018.0770131006874
2486973,-10.25330142371081,-6.469064545409542,1021.5631928531349
2491973,-9.969864612928811,-2.374912773471614,1023.9743591202518
2496974,-8.219478696889444,0.6846866846260847,1023.7807183413028
2501972,-5.040223366037278,1.5571665156542667,1023.9058568333728
2506973,-2.670428119727088,0.8846948346869756,1025.800045194466
2511973,-2.7106903808034977,-0.1065493554593987,1027.7662399832398
2516973,-4.597572528153179,-0.23474809126656218,1027.7823473230187
2521973,-5.443860272443877,0.11676080521963339,1025.8229521072033
2526973,-4.660025979668144,-0.9491267538289858,1023.0561852181016
2531973,-5.234198547819507,-3.755937460636579,1020.6268114696121
2536973,-7.530870527192439,-5.960953655298215,1019.241987441873
2541973,-8.55509744742998,-5.168553361676377,1018.5313248458433
2546973,-7.258469811865226,-1.8422799761086086,1017.270492395557
2551973,-5.186182411752887,1.3850188155589158,1014.3437340783828
2556973,-2.443230043669977,1.5021631615488014,1009.6426493262588
2561972,1.4151676555321988,-3.00346079733513,1005.7291209659785
2567507,4.105548779745343,-9.423458568725593,1007.2187864667128
2572528,3.6423394414150456,-12.546055348156997,1014.000500935659
2577535,0.19122293909449084,-10.851656597233893,1021.00583353155
2582541,-5.326621422097699,-7.618370665521022,1026.3965660249532
2587545,-9.061329458455994,-4.455123960827101,1030.460494100028
2592551,-7.085382068162305,-0.1843593064961319,1031.162377677989
2597559,-2.515148188055308,4.013528159632982,1027.957399322986
2602565,-1.5615340729750318,5.653297106697278,1024.3290466326687
2607565,-4.716343601877662,4.5965923053118045,1022.174327887117
2612566,-7.787194676002896,2.2980027548228774,1019.6501418154122
2617570,-8.133448849133275,0.24993002798170955,1017.7895186100545
2622574,-7.05091547662205,-0.7482061731700864,1019.3125949529268
2627575,-7.039357601885821,-1.0895065298620488,1022.4405975826822
2632579,-7.778638046189905,-1.968452307646023,1024.371805181204
2637580,-7.287231292528299,-3.5427160252853103,1024.2132707862056
2642582,-5.668075238141746,-4.323481186651905,1021.3020228531573
2647586,-4.665934183740905,-4.062664895355875,1016.5543751127785
2652587,-4.584859026359543,-3.4089366752534844,1013.0905936492737
2657592,-4.505497697176244,-1.7291293148288014,1013.0089984051066
2662609,-4.573513508637781,0.4082914762852172,1015.299580190165
2667632,-5.2045100881129835,1.087225624946545,1017.3471700197066
2672638,-6.121268224641623,-0.7102503876263688,1018.1451319466324
2677651,-6.756698475381903,-5.032627153522436,1018.5433103852174
2682668,-5.903932469835106,-9.60528444810705,1018.1038669475705
2687683,-2.783206639627254,-10.851785311089577,1015.9507410813977
2692696,0.8148279575368998,-7.657451963289619,1012.9873425387839
2697706,1.901079138276715,-1.7492730342479847,1010.7159858286947
2702713,-0.33787277309240177,3.664005494493003,1010.64073362695
2707720,-3.7801131618643993,5.725810329166954,1012.9834623795151
2712731,-5.515608378876745,4.031301214683755,1015.7110327220096
2717742,-5.251461013847649,0.5509395836380104,1016.8524964068243
2722757,-4.380247563603019,-2.344053804818649,1016.2646829687554
2727772,-3.041117851711914,-3.6642188780318086,1015.5016566109306
2732783,-2.1518294124500694,-3.5902928186095484,1015.8344396872577
2737798,-2.897929580749625,-2.524921126426233,1016.5502210266841
2742812,-4.271808416027085,-1.1575730273024454,1016.1019320312994
2747831,-5.347320068009477,0.5948015041381942,1014.0887602473965
2752844,-5.81617697736551,3.3739922420770467,1012.208582649213
2757850,-5.0277697427612384,5.305951167036437,1012.2339633278957
2762856,-3.5465953737092284,3.826353198351637,1014.43135652264
2767865,-3.2611946304185455,0.976212763701598,1018.2315875421557
2772874,-4.528991274154324,0.36323973242855023,1021.4599831013295
2777888,-5.1743149252333085,0.9469984774571665,1021.2486202973922
2782897,-3.6722652878978876,-0.6142542062133445,1017.4658276153073
2787911,-1.6283665767395759,-4.539472173834528,1012.2112167960253
2792921,-0.9682304249686939,-8.417010118027695,1007.669282914567
2797933,-0.6185798380810824,-11.566672042946017,1006.180739135358
2802943,0.5047213908211785,-13.673169261404096,1006.791473669907
2807948,0.6416958723620393,-12.624796697519754,1005.3476159273622
2812951,-1.9159907288348235,-8.14945901376835,1002.5319654826511
2817954,-5.965133603006219,-2.735799486294621,1004.1707828257096
2822953,-8.218007047115611,0.7777612595602907,1012.963016481248
2827954,-7.644458539785554,1.2496261794508325,1024.3592924879717
2832954,-6.887056627089126,-1.0141077464192785,1031.1030488416652
2837954,-7.321184085758337,-4.601295704773526,1030.283927908618
2842953,-7.427188477988915,-6.669343214919484,1023.9595726211162
2847954,-6.63598191029998,-6.573202612426311,1015.7884238701745
2852954,-6.960372124168835,-6.169451373966038,1009.6153280214212
2857954,-8.966709788272205,-5.713526927063859,1008.0804263936993
2862953,-9.318502919952362,-4.484082300916409,1011.0395437070356
2867954,-6.440766599729881,-3.3172451146028243,1016.3886062616353
2872954,-3.4914328242901997,-3.794290172843692,1021.276204130101
2877954,-3.6636597063135907,-5.112189019295417,1023.2290375576518
2882953,-7.116177986047919,-4.578645561460026,1021.648359269838
2887953,-11.133648581785634,-2.5993418910860244,1017.8925155798868
2892954,-11.632823665030005,-1.940797203117605,1015.091109875376
2897954,-6.337171054049779,-3.35029998018986,1015.8284815976315
2902953,2.2945358702683616,-5.584826361392506,1017.8514076136464
2907954,7.916606263303947,-6.093693628621159,1017.5613915223458
2912954,6.027166022784647,-3.3649597460258893,1015.3376925358821
2917954,-1.2619627587810291,0.43237988782278447,1013.282826256791
2922953,-6.867929881728777,1.5451985071769212,1012.6930880552659
2927954,-6.561635389489829,-1.5811725658487006,1013.1074040963977
2932954,-3.598706274259827,-5.513461326327958,1013.8370784776322
2937954,-2.278219521745297,-5.45570352327884,1015.6455489421103
2942953,-2.2074780686144635,-2.091010495586446,1018.2151769029251
2947954,-1.5960898023185868,0.2933164556408081,1020.2362893022598
2952954,-0.1967487806449665,-0.8662483906577645,1021.7226866071625
2957954,0.9166798366143456,-4.788002469593728,1022.3488024391709
2962955,0.1356408364708463,-7.9432521810859456,1020.6030735676743
2967956,-2.3939688229303346,-7.7579583570266175,1017.521383403798
2972956,-4.708779113454678,-5.161473368461402,1017.2009642582454
2977962,-4.9957644916660735,-3.3370340087422,1020.8128482140512
2982967,-2.3253302826243036,-5.151221527463342,1024.4694104762852
2987967,1.8676300714234952,-8.727446758772281,1024.7574384546072
2992966,3.5354537625025615,-8.297191278148453,1022.2225980036571
2997973,-0.05173254298875973,-2.2206737256714537,1019.48385997461
3002972,-6.350735305927163,5.208569234170329,1018.9277798491526
3007973,-9.734117315906424,8.510170606012453,1022.450553958485
3012973,-8.614828536858791,4.844769428282805,1029.5041305556342
3017973,-5.9967282481129205,-3.0586188116761117,1034.7120141391638
3022973,-2.942098286413579,-8.848984955958676,1034.0177023337003
3027973,0.874159091241319,-8.840162856767833,1029.4699191530099
3032973,2.9385102924807227,-4.171721550567718,1024.0561850516135
3037973,1.5541235269887521,1.2227465465232916,1020.5691740275496
3042973,-0.2639626832517895,3.9526876361022207,1021.9805541626683
3047972,0.9030393666930909,3.747496796432086,1025.7609523779374
3052969,2.7772901228913387,1.8686277720790274,1025.7401517590556
3057968,0.16773728421430856,-0.7388365498712903,1021.4413371840152
3062963,-5.5558579304399345,-3.2631295768512283,1017.5622027887173
3067972,-7.785859487110192,-5.341733477698538,1017.011273885399
3072972,-5.15685947805544,-6.407715371677571,1019.7846315733337
3077971,-1.4112733085668594,-5.918622192792351,1023.5816458617414
3082971,0.6588305014020487,-4.6287788969635235,1025.8907238932638
3087972,-0.5106506850437661,-3.786621623487777,1026.7002153395952
3092971,-4.729050422866171,-4.122104759056591,1025.5168738551658
3097971,-8.8458283060118,-4.436591318050936,1021.7441136729515
3102971,-10.05638948143972,-3.0497147021817668,1017.6666954402713
3107971,-8.501843481463334,-1.0479552361475073,1015.3191204485081
3112972,-6.154194521215161,0.24522779782771287,1015.7558528284591
3117972,-4.626691220533444,0.594119645582967,1019.2702503496205
3122972,-3.957112816644709,-0.42285322235794265,1023.1616935246082
3127972,-3.386665280557416,-1.088686144108328,1024.8622262345248
3132973,-2.3989449110374346,0.34465188844838374,1024.8558914201358
3137972,-1.8462843356620355,1.4868445095064502,1024.8299844876408
3142972,-2.2241125924710268,0.491243834379899,1025.570651399772
3147972,-2.1860877005102033,-0.7309118018275109,1025.650262254072
3152972,-1.4884052157915066,-1.5425859846279206,1023.3614075017393
3157973,-1.6753383913358615,-3.9974046101442697,1020.0229971578723
3162973,-3.3402898591962007,-8.5815587154751,1018.9572215261917
3167973,-4.492339308599833,-12.190441218084015,1021.0087650264215
3172973,-3.0533169286197523,-11.741768715454763,1023.5291880408087
3177974,-0.7363391636651254,-8.082717707448273,1024.351039274291
3182973,-1.35694413000464,-4.471314304289998,1023.0121897535814
3187973,-4.411346587605769,-3.2919342466629593,1019.5146035023186
3192974,-5.201773227591887,-4.438753232912727,1015.5040519954892
3197973,-2.3869678793172517,-6.263834429767015,1013.7226374820043
3202973,0.3598931988212472,-6.577324397275243,1014.9053184114172
3207973,0.34694188650128205,-4.06382923033937,1017.2569924404709
3212973,-0.56315555599507,-0.8863775865699063,1018.2195607456604
3217973,0.048671292304696745,-0.3896663192161365,1017.0903302752487
3222973,0.8832482501761694,-3.7575894007599056,1015.9160557992311
3227973,-0.17356308360703745,-8.836464335933474,1016.0505944884228
3232973,-2.236626965602691,-10.922598351899286,1016.3606735174842
3237971,-3.0335177590335998,-8.268436105974184,1015.2320714401945
3242965,-3.152973360836322,-3.9002687891114043,1012.4657929327403
3247972,-4.883715659036976,-0.8384229744524065,1010.4909274061221
3252972,-6.631109694132685,-0.0760951935537692,1011.9734305090902
3257972,-5.4659550890306114,-1.9287397620495694,1016.0195154164535
3262972,-1.9009961659256256,-5.423579036030492,1019.7555389668211
3267973,1.5281928389656736,-7.340171970230001,1021.2188314486656
3272972,1.934459887940573,-5.551971171680025,1019.8363927140679
3277973,-0.8916870028846643,-2.283240436794593,1017.3152626315566
3282973,-3.864835699522594,-0.912832166944986,1016.226809991402
3287973,-5.030539132834445,-2.6308944091864284,1016.7439077354761
3292973,-4.366578612908288,-6.871955982707778,1017.9242215097657
3297974,-2.564596505829602,-11.116653025343211,1019.6565285931679
3302973,-1.383741479046151,-12.245416446178412,1021.3544801947512
3307973,-2.141734545791205,-10.26806501134373,1022.2118174239498
3312973,-4.200674816676651,-7.842303489216794,1022.4584290634966
3317973,-5.322333300693692,-5.491206373553806,1022.3096674176301
3322973,-3.6766618938581326,-1.8533554720250935,1021.3819033196467
3327973,-0.10663010626603253,1.5310085999078757,1020.4172346568356
3332973,3.3704757533204472,1.7076089618434072,1020.7680578545223
3337973,5.249502794594977,-1.3441538915697047,1021.7192301351423
3342973,4.12611891604377,-5.199742566488001,1022.2538786976916
3347972,0.4684347525044792,-6.854229320261406,1022.67262711766
3352974,-2.8617542016105375,-5.135148874907803,1021.8781289156957
3357976,-4.219448647032596,-3.0737204260246545,1018.8507062844532
3362975,-4.926499871563545,-4.569791533623752,1015.3632387930678
3367976,-5.890766335734564,-8.739404158652894,1013.0183179403401
3372976,-6.706135470533313,-11.533404918261033,1011.6023343055692
3377977,-7.2491594558195365,-10.560373077920994,1010.9876414224004
3382975,-5.14782364579959,-5.762064305659287,1011.7823346970663
3387976,-1.2071700168018864,-1.1521607107397915,1014.6072615161856
3392976,-0.6810202647348802,0.10398234657470962,1019.6462680816749
3397976,-1.4342920763143443,3.2004936307993828,1025.4102494046479
3402975,0.33414372286217414,9.63087318813912,1028.2400594523438
3407977,2.042381967946678,11.734452007600526,1025.768055215968
3412976,1.6285263464276745,6.792367887915074,1018.6730172138123
3417976,-0.5715068189534186,0.06079894808115405,1011.2817062835699
3422975,-3.160693207493921,-3.2333897637101865,1009.8303406038547
3427976,-4.0661930465200715,-2.694215960362569,1014.1002474215254
3432976,-2.119929364218826,-1.2588027429423658,1018.3761484434224
3437976,0.48751271771547766,-1.6535053625786986,1019.8584212372608
3442975,-0.06627015672698014,-4.294479365957442,1018.2982615747422
3447976,-2.9818118964536753,-6.18924325920305,1013.8178461430003
3452976,-5.116919128283475,-4.890001647753278,1008.9586998943421
3457975,-5.911023923628404,-3.6348679634746768,1007.8606064670146
3462973,-5.338281581491155,-5.204053874210015,1012.2031243484975
3467973,-3.8821925579820573,-5.182301451703582,1019.641252886636
3472973,-3.2304224204811494,-1.8846139304271934,1024.5298605435469
3477973,-3.1657119697970724,-1.1140507685397223,1023.2856928212332
3482972,-2.2309685889053683,-3.913515365125734,1018.9304754108751
3487972,-0.9791901217072757,-5.385912090642181,1015.9656819470155
3492973,-1.2305258398264085,-4.679504136372841,1015.2836765422521
3497972,-3.8128585280786176,-3.679204387682665,1016.269006778691
3502972,-6.828745182299045,-2.9453502359865884,1019.8503127747452
3507972,-6.780658876655924,-2.9091821898663226,1025.5778526095098
3512972,-3.216066729560222,-3.4093785812676454,1028.73939455794
3517973,0.3316420888685112,-3.406733309174552,1025.7518012495254
3522973,1.133148359433447,-2.2524300695716866,1019.4422701867
3527973,-0.1069956530669508,-0.8852292365581834,1015.593289119176
3532969,-2.052354639827366,-0.4865952851607236,1015.6810527220308
3537968,-3.5327037371461874,-0.7917047550946706,1017.0120232671165
3542967,-2.9088034871309483,-1.5980863900717757,1018.6202053404636
3547968,-1.3490814239721136,-2.6305703203189905,1021.3401717021698
3552968,-2.3275031797754027,-2.9482777082443,1024.9916775266556
3557968,-5.987597144883052,-2.5890365866115097,1028.482099252371
3562967,-8.498018953604133,-2.5522936602907675,1029.9841713305937
3567969,-6.874123285726646,-3.7224493480099943,1027.5782423008914
3572968,-2.4867254745436043,-5.832107226628274,1020.9047536433643
3577968,-0.1467681106348223,-7.439746006213094,1013.3873767563365
3582967,-2.627829628774775,-7.4927842726916545,1009.9573545996928
3587973,-6.752355863234103,-5.371797639996126,1010.3326393350933
3592971,-7.415684146379296,-1.1328763600627092,1012.0476267662222
3597972,-3.5294055527324306,2.8411013423812133,1016.5475282345444
3602970,1.7018934102053378,3.7364931196373035,1023.3430447982028
3607972,4.45212987774011,1.4826051389430073,1026.8439251823672
3612972,2.6800476326018723,-0.9942330597599904,1024.7464680436206
3617972,-2.603928860454492,-0.6322806866671109,1020.5914685466744
3622972,-7.421562718865435,1.3708194599811405,1017.4396517436885
3627972,-8.715338464209037,2.0893321833035547,1015.9690310695752
3632966,-7.158380739412605,1.4832602913275594,1016.1474228167292
3637972,-5.3786606661084875,0.19217015911614116,1016.992341165494
3642972,-4.886977096411813,-1.9481250501743685,1017.0184852566947
3647972,-5.146287368171463,-4.07947435040448,1016.9449576569458
3652972,-4.673894122661816,-4.833103171151226,1018.5781909641198
3657970,-3.7316962492653074,-4.737985155547272,1020.3129717045781
3662967,-4.621886190529731,-4.952879634491185,1019.5614135802434
3667968,-6.464525961858337,-6.315841735949652,1017.439807130631
3672967,-5.171551915464767,-9.695902035399664,1016.4622832175768
3677968,-0.3569277806302626,-12.220593315436046,1016.5543457822577
3682967,4.035215862356099,-9.482536429883606,1015.9125971710615
3687968,5.530594873614288,-2.3250918900189665,1014.9440170268851
3692968,4.657016483527213,4.294210783073301,1015.1727931994557
3697968,2.795198197417943,5.712484897175809,1015.3954437012098
3702967,1.7119315667654305,1.1760461025907816,1014.6601015818844
3707967,1.725382172690954,-4.774726560052472,1014.8190023517534
3712966,0.6421366515224729,-6.764456246831406,1017.3358274196897
3717965,-2.685795029781125,-4.157115740464549,1021.6203755455145
3722970,-6.7884739998129735,-0.5868344250469059,1025.6913161367565
3727972,-9.50955764950592,1.2310101589311668,1027.2784271644343
3732973,-9.210277586065757,1.7255811583895668,1025.8154373064729
3737973,-6.227965356610925,1.8171953282778721,1023.0155646333277
3742973,-2.789628117691221,1.805692993642194,1019.7172833414447
3747974,-0.7321094597968613,1.990190032875896,1015.5761478322727
3752973,-0.9765034582191299,1.7414648116229843,1012.2630284452375
3757974,-3.863364037229582,0.6694599584673151,1011.3006092880352
3762973,-8.21528938678493,-0.5469084504378314,1012.4255177493752
3767972,-11.272260390241865,-1.6596013752439673,1015.5905880779767
3772973,-11.540191984620495,-3.0033828454736122,1019.9731471656577
3777970,-10.15425367229369,-5.384919232550148,1023.9608361385074
3782967,-7.496716003005934,-8.86969323758959,1026.6332388444373
3787966,-3.4996251469857214,-11.688281873675203,1027.155731060807
3792966,-1.432969222878305,-11.801944395583817,1025.4123335801178
3797966,-2.7533705901673073,-9.073897685118762,1022.4721086801261
3802972,-3.361244992898814,-5.874718249664242,1018.7690014147163
3807972,-2.33182355083907,-4.3619915162588505,1014.5793293928513
3812972,-3.7727137319518556,-4.213094154598702,1011.5205871242707
3817972,-7.214511019849182,-4.192600357338975,1011.0494167084319
3822972,-7.892261062925808,-3.2416910912904453,1012.9725598107215
3827972,-4.9592355397470556,-0.19568053492306314,1016.4680430918553
3832972,-1.3119129347052787,4.111552511225024,1020.6982922730562
3837973,0.4044128413772628,5.797119513219069,1024.0262364821644
3842972,-0.0016747454255355287,2.807413372829168,1024.9710301428156
3847972,-0.2706361739696443,-2.092577560365496,1023.9727183161937
3852973,0.46800268446108667,-5.110302394327963,1022.3960272377943
3857971,1.0463156907574243,-5.449100454483099,1021.4131511761243
3862971,0.7801878153823345,-5.505992921706449,1021.6904222467143
3867972,-0.07160792286388512,-7.130642758997853,1021.9715004203148
3872972,-0.96574765994455,-8.735198522803616,1020.5669336695634
3877973,-2.1257344845092723,-7.7595262772611715,1017.3747356022432
3882972,-3.379779883595752,-4.765569712655294,1014.0046749290734
3887972,-3.1853287540010156,-2.5255005566206714,1013.084476023693
3892973,-0.9404051347148875,-2.283099058569936,1015.0576324101685
3897973,1.3357381249063347,-3.534933603312036,1018.8566510297396
3902972,1.0420889673666447,-4.486774704975857,1023.1494298287179
3907973,-1.251116632742015,-3.430463306048696,1025.1605589002527
3912972,-2.502821431210716,-1.4229119070476646,1024.4768755419757
3917972,-1.0472959075882458,0.1885538568899503,1023.744937429031
3922972,1.634452527226866,1.5107167405573652,1023.6957179199005
3927968,2.3557229448697536,1.5248271929026118,1022.2155920456483
3932968,0.2219059167846058,-0.632276917221684,1019.3408579358527
3937968,-2.486680039701322,-3.69191171446377,1018.8862817001423
3942967,-3.6141077827651165,-5.767975997289554,1020.9288014996889
3947968,-2.8493015093807816,-5.5257006750577835,1021.0698159832958
3952966,-1.1621958548209466,-4.269246058079005,1017.9114245210851
3957973,0.15887684176089123,-4.7634952322578465,1012.7802254253006
3962968,0.6250865493411351,-5.5741665321746385,1008.213355478875
3967968,0.09283461820248606,-3.9674136730045535,1007.6392242430582
3972968,-2.409455184419488,-0.9997562523502397,1011.5719019461857
3977968,-6.478545993338932,1.6538786166954917,1016.855029314002
3982972,-9.393251671043108,3.5220492867473925,1019.3552507356402
3987973,-8.962531688263358,4.399876159201033,1017.7467139608302
3992973,-4.648120377121442,3.6145699442414805,1014.9380843880865
3997973,0.7519506507150953,1.502042310338184,1014.7832223720305
4002973,2.2450030451477847,1.2386379307469522,1018.126103119751
4007973,-0.5383915483857455,3.8425029148185343,1021.9004116354391
4012973,-3.559718185451305,6.300734530532708,1022.7771304444328
4017974,-4.564692712441117,6.292756138241345,1021.79892507991
4022975,-3.650373793930398,3.1658288736018223,1022.4828344208271
4027976,-1.3615724404613194,-1.163200639672174,1025.26414808529
4032976,1.127716910248647,-2.494392289770314,1028.3446194080152
4037976,2.0936143229236337,-0.34658232249582654,1030.783850184584
4042975,0.8313709457998061,2.043707599633498,1031.4220127771157
4047976,-0.6501151454230283,3.2880040938164754,1028.9796126059896
4052976,-0.4408974303149468,3.559642352707428,1024.1471408949878
4057976,-0.13880053527009184,2.8065010556878947,1019.1105907945774
4062975,-1.6612035454650316,0.7044822003512663,1015.8982140955392
4067976,-5.086878978288276,-2.167953590802333,1015.9725617452327
4072976,-9.538201647650263,-2.2598456555207393,1018.810038216527
4077976,-12.487553558290161,2.29355332364295,1021.7577851597183
4082972,-11.668052302780254,6.841306321874381,1023.4118331715194
4087973,-7.341616207351956,6.742927481480277,1024.3261545106739
4092974,-1.936868620827497,3.6555768287946035,1025.03045922218
4097974,1.9528521864784854,0.9809742825058654,1024.6422121394417
4102973,3.6697974029494653,-1.128369788981879,1021.6743459976167
4107973,2.4688005945785685,-3.06226961822616,1017.4080385428774
4112973,-2.1010486517068085,-3.169776393118325,1015.1643164877529
4117973,-7.184994230780672,-0.47381242734028295,1016.0849866039407
4122973,-8.964659726398734,2.5638216252229804,1019.2168700494424
4127969,-6.696921679461617,2.9687673583292087,1022.2688184810302
4132967,-3.644752205417933,1.7934048618628828,1022.1416877897713
4137968,-2.7924639939429863,0.7820537411077482,1019.1405142469325
4142967,-2.912508956845198,-1.3574207266136349,1016.5734773077411
4147966,-2.765130313183893,-4.534877518621497,1017.1130857537306
4152973,-4.545489139048915,-5.8613791396000225,1021.1689444534113
4157974,-9.103455478242902,-4.567003923407022,1025.3700163929495
4162973,-13.69638468137421,-2.3357479080386896,1026.3178904465587
4167969,-15.283845306419806,-0.39141570068336373,1024.715672079969
4172968,-12.624955962977763,0.9285747159661524,1022.507059421831
4177968,-7.297911259224172,1.8518799538777044,1019.8804209572676
4182968,-3.3951250338636885,1.7901795041443382,1016.983899483236
4187968,-3.7251562591032426,-0.45944325780362705,1015.5049002563647
4192968,-5.969949652576707,-4.547833091200666,1016.4078300401227
4197969,-5.827622990561859,-7.886212312594726,1018.7644388596755
4202967,-2.3315171619485655,-7.488365260837288,1020.9607201974355
4207968,1.7093480001355106,-4.322746015560353,1021.8034530662494
4212968,2.5882276503204733,-2.1552894704585066,1021.5788020361113
4217968,-0.48674934578548246,-1.9544684602813729,1020.3324506533365
4222967,-5.323895011977871,-2.8418293102503296,1017.0041775064926
4227968,-9.191081955021314,-3.6172933081454612,1013.296231057602
4232968,-9.84678749862375,-2.2042637821375357,1013.1641184036849
4237968,-7.059973812235958,0.4112738203376475,1016.7047172438839
4242968,-3.559736362325648,0.014050922374513775,1020.2788014076527
4247968,-1.6434732706158934,-3.9596036956827003,1022.0460820463852
4252973,-0.5982875347791081,-7.045014787875279,1022.4868928695616
4257971,0.7079742673110823,-6.298829132197064,1021.8261750176084
4262971,2.0525727973679357,-3.686852981398096,1020.4630663169308
4267972,1.9549056165993413,-2.7088626325772247,1019.4723523798206
4272973,-0.6557812722977416,-4.47262449454066,1019.444894990919
4277973,-4.016444899184275,-6.67346400853039,1019.5760842341374
4282973,-5.053639137675671,-6.344731735373078,1018.933932857012
4287969,-2.828433124242676,-4.093626971482772,1019.0843499869205
4292968,0.3545351656132048,-3.5337180175242873,1021.51386252133
4297968,1.321381188940808,-6.145897885077012,1023.8291926616378
4302967,-0.4554662756918621,-8.752678411197492,1023.930266346409
4307968,-2.439976928098661,-7.92741269252804,1022.8436191120267
4312968,-2.239293328885201,-4.450024078975082,1020.6929019600802
4317968,-0.4586290379687101,-1.197919807825902,1017.5855105714004
4322967,0.3749773609443236,0.34694167788125435,1016.5313583132888
4327968,-0.8596615808794292,0.0674812762602981,1019.276985777432
4332968,-2.7499757153927558,-1.440629018757186,1022.9178455067408
4337968,-3.464381141407113,-2.1809668994150107,1023.8345296632817
4342967,-2.5927170105233865,-1.352909143037752,1022.9617270043598
4347968,-1.560816309470912,-1.316788326724681,1024.3991180920664
4352968,-2.518041347638849,-3.549368199880391,1028.737834887912
4357968,-5.0990180325414185,-6.127063904316962,1031.0863933373175
4362968,-7.0960818863368695,-6.426666140123184,1027.5835119122914
4367968,-7.824719253261281,-3.5953912121513754,1020.7836748179143
4372968,-7.878912048495802,1.1198075311685163,1016.3455652904181
4377968,-8.048512413975503,4.562613558261749,1016.3334670244697
4382967,-8.453353811845963,4.558844125611272,1018.3262092822295
4387968,-8.619691367380776,2.8322268231367196,1019.6758417369549
4392968,-7.877370132732062,1.0127165865399164,1019.9038750049099
4397968,-5.382771569721785,-2.584945918846308,1020.6650162845884
4402967,-2.056341008666595,-7.33299654608373,1023.0519763937148
4407968,-0.6716498139747842,-8.274871318432865,1024.940153447964
4412968,-2.1708426434801806,-3.271199269923318,1023.8847051361274
4417968,-2.870286775293514,3.342187097164206,1020.9717342192606
4422968,0.3808922000747522,6.108327703698379,1019.5008211084412
4427968,3.930829329006394,4.078896978110274,1020.7861601817868
4432968,3.229597027263012,0.15058030159996855,1024.159668766683
4437968,-0.06737837011610798,-2.4752479655347903,1028.3124819494574
4442967,-3.3322932296023486,-4.208680357678755,1029.322358302328
4447968,-8.628414462941187,-7.234202850315536,1024.7326965019106
4452968,-16.35011652103217,-9.80823424890879,1018.7612626364427
4457968,-21.33631176283099,-9.795512639881043,1016.8734219146271
4462967,-19.60745959580177,-8.793129124522945,1020.0899158592258
4467967,-12.43511411634789,-7.895152742777713,1025.0923660523995
4472966,-4.105016663875266,-6.12065100666873,1027.0276290029165
4477973,1.5218919016394739,-3.239631979425385,1024.4239814658904
4482973,1.8720926669232079,-0.8098835580511533,1020.5717678882108
4487973,-2.6903734770244174,-0.7147243744830837,1019.1418493962659
4492973,-7.556876974458178,-2.9382288916191945,1020.068686542072
4497974,-9.189754058389108,-5.616047772540844,1020.4733061609553
4502973,-8.691535976025532,-7.408771444211532,1018.6744514619483
4507973,-8.348068715219721,-7.837728760016357,1016.6480951737188
4512974,-8.182061550476371,-5.667642675363759,1016.7138348551823
4517973,-6.660039606105844,-1.8611324053575165,1018.0735647084115
4522973,-3.484443454212942,-0.5313511436282237,1019.7639030360776
4527973,-0.7584761284979489,-1.79594935430289,1022.145117299664
4532973,-0.2686936286893846,-1.7798592256533272,1023.898644758072
4537973,-1.1108772954027264,0.9225810827276497,1022.4075874045334
4542973,-2.3691711232187127,4.264159756108915,1018.4041823994675
4547973,-3.70971288309179,5.13152765060191,1015.3220480615154
4552971,-2.6211209079007203,2.8316639256640843,1014.4425228550216
4557972,2.692630306867292,-1.1690016964576246,1014.7722007215635
4562971,7.658452089405357,-5.983892032587596,1015.5362478246384
4567972,5.913716700805761,-10.223552421385152,1016.3152672527514
4572972,-1.0867215556332281,-11.914588327653803,1016.3713177799004
4577972,-7.03208648590549,-10.213573295596014,1016.3381516540112
4582972,-6.889959085342333,-5.709448462967353,1018.2302498894321
4587972,-0.14134420691149285,-0.05465717824082894,1021.3302116871959
4592972,4.774594091575014,4.4619761556321915,1022.0386583222627
4597973,0.923859654860413,4.750364934786366,1019.8283336771082
4602973,-6.912586150118578,-0.06025159682085518,1019.0322740792504
4607973,-11.35472632660459,-6.703624070230971,1022.4520102078006
4612973,-9.706380432996514,-11.712241340327495,1026.094510819698
4617974,-5.682477834218481,-12.047431492474372,1023.9916093092096
4622972,-7.022886816671294,-5.488711789894892,1016.3885343906304
4627969,-15.047611339578378,3.9245596231241735,1010.1727066203412
4632968,-23.126353295052443,8.485753690688075,1011.0962193272653
4637968,-26.266580432782554,6.178855895197653,1016.536087884512
4642967,-22.834699890014004,1.2822819630133109,1020.4386838822369
4647967,-10.760708006128679,-1.2542381722078135,1022.088518173825
4652968,10.07332099502113,0.3638158802254504,1022.9821652990927
4657968,34.64652570615938,4.568062115529453,1022.031342652353
4662967,52.32166780760574,7.13103053342723,1019.4435495833063
4667973,51.46823819766126,5.398538284448293,1017.2215752008095
4672973,31.620513929760964,6.461956719715499,1014.278167036269
4677974,8.056824072965894,16.995885662738292,1010.5726916316527
4682972,-3.740418569953975,28.087391330123538,1011.0328308388027
4687972,-5.234272372882065,26.60704069893848,1016.3045045730861
4692973,-12.454333160515567,10.540975380544277,1020.7767272854309
4697972,-32.45784650374996,-10.09103531109358,1020.9648974633883
4702971,-48.559464934807544,-21.6838127018366,1017.8299154871484
4707972,-44.909008036565865,-19.331971039893755,1015.1561885906874
4712972,-28.44436270822357,-9.124407990770823,1015.8535077020117
4717972,-13.733888284086524,-0.7880774371375904,1018.9875005532854
4722967,-6.629648472884044,1.1749086285576875,1021.5818225980621
4727973,-5.425495780363215,-1.18152643243947,1022.1484031535525
4732973,-6.629561722765062,-7.668372960906639,1021.6022681071976
4737974,-8.686058549979698,-19.486809980599674,1020.2535851090959
4742972,-10.168434947206267,-29.561102657194642,1016.701869791234
4747973,-9.077596495525611,-26.53435415427728,1012.011464761254
4752974,-6.650626780434595,-9.677309485467712,1010.5406183282984
4757973,-4.673134093774742,9.752567053255703,1014.0735556535054
4762968,-1.2779291152489949,20.07065613193808,1019.9346092651833
4767968,3.511651424053221,17.594476248613454,1023.9865776914601
4772968,5.680257017751543,7.044874594812386,1023.4335384012842
4777968,5.310265281753965,-4.341666444008291,1020.125417469439
4782967,6.9332819240162715,-12.626902998522525,1018.9661364545452
4787968,9.883242725175586,-17.765864427498975,1021.0061530578358
4792968,7.389894739466139,-18.644604489262058,1022.5424311178689
4797968,-1.956116784534311,-12.804546246164,1021.0791846242436
4802967,-10.57704918407206,-5.123650394657252,1017.5508869506649
4807968,-12.256316231849066,-6.164947360405619,1013.9556900374665
4812968,-10.003236118618254,-15.592055386821004,1011.9355379707742
4817968,-10.209880686231987,-18.643697105618866,1012.3782294015242
4822967,-11.813989437295783,-5.0335762959275545,1014.9157891653449
4827968,-9.25712168118646,16.297428657778664,1017.7615584642753
4832968,-2.683003629730957,27.513755076641228,1018.9519344742389
4837968,2.858417982176464,21.892272273780204,1018.341347616629
4842968,4.106678402630176,7.566729026031195,1017.8243361363623
4847968,0.913177388230284,-2.943755493451618,1018.3446250694453
4852968,-4.329707898249573,-4.606318089266118,1018.015550991295
4857968,-7.494958747615483,-1.4629352316675321,1015.8212747376793
4862967,-7.141586364122563,1.4631776664846594,1014.1528644922488
4867968,-5.589034705162356,2.518986992044402,1015.4132748795574
4872968,-4.297771518964385,3.1823799857115582,1018.8249706095527
4877966,-2.7650510666146833,5.096857898913339,1021.9481103591216
4882972,-2.080083099721419,6.569740404459392,1023.2069300846952
4887973,-4.277190912331278,4.815016363218793,1022.3613971193427
4892973,-8.25652643530161,0.8539412772510188,1020.8122085583016
4897973,-11.014901903248477,-2.1309196521026017,1020.3786887463813
4902973,-12.309472612123129,-4.00320220515241,1021.1994293994866
4907973,-12.950090854420097,-5.7595872238629315,1021.6366982818981
4912973,-10.996743302154611,-6.545768464033232,1019.5789757012396
4917974,-6.66985640385688,-6.398087947821758,1015.2312441682327
4922973,-4.299343388438584,-5.89713464476332,1012.5425316933238
4927973,-5.061125830013284,-4.123360472141003,1015.0147189513871
4932974,-6.177592452369952,-1.6409038191034364,1020.8040883779092
4937973,-6.739042468769485,-1.2521592361077112,1024.762748399981
4942973,-7.493301409632171,-4.049341264499943,1024.6097009959117
4947973,-6.754153538019107,-7.71171440106213,1021.7004692785576
4952973,-3.416123681221249,-8.999415916165015,1016.7711151232126
4957973,-0.929873797558252,-6.760067600061215,1011.4267230254261
4962973,-1.3506795061937436,-2.5088219088579016,1009.9639581025493
4967973,-2.094243501832268,0.8642239033874105,1013.1911734131824
4972973,-1.9842327183946438,1.3593436339045726,1016.7389606326285
4977974,-3.6462028260269426,-0.4318090221326062,1018.0025641143966
4982972,-8.561850622288553,-1.594741378961661,1019.2360615092507
4987973,-13.270939245801873,-0.4944811321891531,1021.7539835194626
4992970,-13.349528488872812,1.0804666369481266,1022.7617456928335
4997968,-7.938448622160429,1.1863617232564576,1020.5363284874528
