Timestamp (uS),IMU3_X,IMU3_Y,IMU3_Z
1.0,20.0,20.0,20.0
5472.0,19.99999664697143,20.00000023950134,20.00049409252991
10539.0,20.0,19.999997604981694,20.000989622072765
15560.0,19.99999904199464,19.999994970462048,20.00149281567812
20546.0,19.999994012451786,19.999992096441062,20.00199097974062
25565.0,19.999990898924555,19.999989701422756,20.002490341314722
30556.0,19.99998802490357,19.9999911384357,20.002994971928118
35544.0,19.999984911376337,19.999993533454006,20.003490501470974
40528.0,19.999976768311157,19.999985629890165,20.003989144536153
45548.0,19.99997413379151,19.999986348394184,20.004486111087047
50541.0,19.99997509179687,19.999978923833023,20.004987388676778
55526.0,19.99997413379151,19.99998107934999,20.005486989752225
60518.0,19.999975331303116,19.99998203735535,20.00598994385624
65516.0,19.999974852300436,19.999980839843744,20.00648738941472
70511.0,19.999971499271865,19.999983953370975,20.006983876962934
75503.0,19.99997030176026,19.999987306399547,20.007481562022754
80492.0,19.999972936279907,19.9999846718799,20.007976373056685
85518.0,19.999972217775888,19.999982755864277,20.00847621363347
90513.0,19.999972936279907,19.999976528814724,20.008970785166063
95510.0,19.999972457277227,19.999980600347314,20.009463919685707
100507.0,19.999971020264283,19.999974133796417,20.009962562750886
105501.0,19.999966948731693,19.999966469733916,20.01046288233035
110493.0,19.999962877199103,19.999961919198647,20.010958890875887
115484.0,19.999960721682136,19.999962398201326,20.011459689458032
120472.0,19.999960721682136,19.999959284674095,20.011959051032136
125464.0,19.999956171146867,19.99996191919374,20.012457454595975
130465.0,19.99996575122499,19.99995856616517,20.012958971687045
135465.0,19.999967427739275,19.99995904516785,20.013456896248204
140466.0,19.999968385744634,19.999952339115612,20.013952186284815
145467.0,19.999964074710704,19.99995066260133,20.014447236820086
150468.0,19.99995880566651,19.999945633058474,20.014945879885264
155470.0,19.99995425513124,19.99994012451294,20.01544548096071
160466.0,19.99995449463258,19.99993533447633,20.01594699805178
165506.0,19.999960482180793,19.999933178959363,20.016443725101336
170507.0,19.999965032716062,19.99993126294374,20.016939733646872
175499.0,19.999962877199096,19.999930065432135,20.017439095220976
180491.0,19.999959284669185,19.99992790991517,20.017933666753567
185489.0,19.9999564106482,19.999921922366955,20.01843662085758
190487.0,19.999963595708017,19.999919766849988,20.018929755377226
195485.0,19.999962158695073,19.99991880884463,20.01943031445803
200484.0,19.999963356206678,19.99991856934329,20.019929197024553
205473.0,19.999959284674087,19.999920006356234,20.0204287981
210462.0,19.999954015629893,19.999915934823644,20.020927441165178
215455.0,19.999953297125874,19.99991401880802,20.021430395269192
220451.0,19.99994730957766,19.99991090528079,20.021925685305803
225447.0,19.999948746590604,19.999905636236594,20.02242576538393
230446.0,19.99994707007632,19.99990372022097,20.02292321094241
235446.0,19.999954494637482,19.99989893018436,20.023417063970978
240449.0,19.999957129157128,19.99990324121829,20.023914509529458
245447.0,19.999962158699983,19.999901804205347,20.024414110604905
250444.0,19.99995904517275,19.999901804205347,20.024905568610265
255445.0,19.999957847661147,19.999898451176776,20.025406846199996
260448.0,19.999961440191058,19.999895337649544,20.025900459727225
265447.0,19.999962637702662,19.999891984620973,20.02640053980535
270447.0,19.999954494637482,19.99989078710937,20.02689846436651
275447.0,19.999951860117836,19.99988671557678,20.02740022095892
280447.0,19.99994275904239,19.99989030810669,20.027904133068297
285446.0,19.99993940601382,19.99989461914062,20.028401578626777
290450.0,19.999941082528103,19.999889110595085,20.028902856216508
295448.0,19.999938448008457,19.9998862365741,20.02940173878303
300448.0,19.999941322029443,19.999891266116954,20.029900381848208
305447.0,19.999936531992834,19.999890547612935,20.030400461926334
310450.0,19.99993772950444,19.99988887109865,20.030898386487493
315449.0,19.999938208507118,19.999881925540173,20.031400143079903
320449.0,19.999936292491494,19.999873303467407,20.031898546643742
325509.0,19.99993437647587,19.999869231934817,20.032397668711603
330517.0,19.999931502454885,19.999867555420533,20.032898946301334
335520.0,19.999926712418276,19.999863723389282,20.03339495484687
340522.0,19.9999209643714,19.999865639404906,20.03389719044196
345520.0,19.999914497820505,19.999858454345087,20.03439487550178
350522.0,19.99991689283881,19.99986037036071,20.034895913585263
355520.0,19.999914737321845,19.99986037036071,20.0353919221308
360520.0,19.9999133003089,19.999858693846427,20.035892002208925
365520.0,19.999915695327207,19.999858454345087,20.036389447767405
370520.0,19.999915695327207,19.999854143311158,20.03688928834419
375522.0,19.99991353981024,19.99985605932678,20.037385296889727
380520.0,19.99990898927497,19.999858214843748,20.03788417945625
385522.0,19.9999044387397,19.999856538329464,20.03838569654732
390523.0,19.999902762225418,19.999852227295534,20.038884100111158
395522.0,19.999898690692827,19.999858214843748,20.039376037124104
400525.0,19.999893182147293,19.99985605932678,20.039869411145087
405528.0,19.99989006862006,19.99985270629821,20.040370928236158
410528.0,19.99989078712408,19.999846000245974,20.04087005030402
415530.0,19.99989054762274,19.999845281741955,20.04137204639777
420530.0,19.99988623658881,19.99984360522767,20.04187356348884
425532.0,19.99989318214729,19.99984408423035,20.042370051037054
430535.0,19.999890787128983,19.999841928713384,20.042872526133483
435535.0,19.999888152609337,19.999838815186152,20.04336805567634
440534.0,19.999892942645946,19.999837378173208,20.043863585219196
445537.0,19.999888152609337,19.99983642016785,20.044363665297322
450537.0,19.999884799580766,19.999833785648203,20.044864463879467
455539.0,19.99988599709237,19.999833067144184,20.04536119092902
460538.0,19.99988527858835,19.99983426465579,20.045862708020092
465542.0,19.99988503908701,19.999831151128557,20.04636542261786
470544.0,19.999884560084332,19.999831630131236,20.04687196924688
475545.0,19.999883362572728,19.999832348635255,20.0473708518134
480543.0,19.999882165061123,19.999832348635255,20.04787356641117
485545.0,19.999880009544157,19.999839294193734,20.048370053959385
490545.0,19.999876417014246,19.999836899175428,20.04886630200626
495546.0,19.999871866478976,19.999828756110247,20.049363268557155
500553.0,19.99986923195933,19.999828516608908,20.0498640671393
505552.0,19.99986851345531,19.999826840094624,20.05036247070314
510558.0,19.99987569851513,19.999822050058015,20.050862071778585
515563.0,19.99987498001111,19.99981965503971,20.05136143335269
520558.0,19.99987186648388,19.99981941553837,20.051861992433494
525565.0,19.999869950468256,19.999817499522745,20.052364467529923
530564.0,19.99987186648388,19.999817260021405,20.052866703125012
535563.0,19.99986755544995,19.99981079347051,20.05336462768617
540565.0,19.999860849397713,19.99981127247319,20.05386638427858
545564.0,19.999858693880746,19.99980911695622,20.054365506346443
550561.0,19.999859172883426,19.999803368909348,20.054861993894658
555560.0,19.999854622348156,19.999795704846846,20.05536351098573
560568.0,19.999852706332533,19.999794986342827,20.055859998533943
565573.0,19.99985366433789,19.999789956799972,20.056358881100465
570574.0,19.999852706332533,19.99978636427006,20.056861356196894
575574.0,19.99985079031691,19.999784927257117,20.057359759760732
580573.0,19.99985031131423,19.999784448254438,20.05785792382323
585574.0,19.99985079031691,19.99977989771917,20.058358243402697
590574.0,19.999857017366462,19.999777981703545,20.05885736547056
595574.0,19.999854382846816,19.99977151515265,20.059357924551364
600572.0,19.99985150882583,19.999764809100412,20.05985800462949
605574.0,19.99985222732985,19.999760977069162,20.060361677237523
610573.0,19.99985198782851,19.999760737567822,20.060859362297343
615574.0,19.999849832311543,19.999758582050855,20.061356807855823
620574.0,19.99984815579726,19.999757863546836,20.061862396479484
625573.0,19.999850550815566,19.999754031515586,20.06235840502502
630574.0,19.999847197786995,19.999749959982996,20.06285968261475
635574.0,19.999844084259763,19.99974756496469,20.06335042211609
640573.0,19.999839533724494,19.99974732546335,20.063847149165646
645691.0,19.999840491729852,19.999749001977634,20.06434818724913
650696.0,19.999844323761103,19.99975163649728,20.06484683031431
655696.0,19.999845521272707,19.999745648949066,20.065346191888413
660695.0,19.99984288675306,19.999741816917815,20.065841481925023
665695.0,19.999844084264666,19.99975091799326,20.066348747062968
670695.0,19.999845042270024,19.999754031520492,20.066849306143773
675695.0,19.999848874301275,19.99975235500621,20.06734483568663
680696.0,19.999848634799935,19.999748762476298,20.067844915764756
685696.0,19.999840731236095,19.999746846460674,20.068344756341542
690697.0,19.999840252233415,19.999743014429423,20.068846512933952
695697.0,19.99983761771377,19.999740619411117,20.069342760980827
700696.0,19.999836420202165,19.999732715847276,20.069842601557614
705695.0,19.999832588170914,19.999732715847276,20.070341484124135
710696.0,19.999828995641003,19.999729362818705,20.0708418037036
715696.0,19.999828037635645,19.999725291286115,20.07134044676878
720696.0,19.999823726601715,19.999728883816026,20.071839808342883
725697.0,19.99982109208207,19.999733434351295,20.0723362958911
730696.0,19.999818936565102,19.99973127883433,20.072835657465202
735700.0,19.99981726005082,19.999729123317362,20.07333741405761
740708.0,19.999813907022247,19.99972720730174,20.073832704094222
745708.0,19.999814386024926,19.999724572782092,20.074326317621452
750710.0,19.999813907022247,19.999728644314683,20.074826637200918
755711.0,19.999818936565102,19.99972241726513,20.075327196281723
760713.0,19.99981294901689,19.999719303737898,20.075824402333957
765714.0,19.999807440471354,19.99972121975352,20.076324721913423
770722.0,19.999803129437424,19.999715471706647,20.0768233649786
775729.0,19.99979738139055,19.999710921171378,20.077324642568332
780733.0,19.99979762089189,19.999711160672717,20.0778273571661
785743.0,19.999799776408857,19.999713316189684,20.078327916246906
790758.0,19.999795465374927,19.99971187917674,20.078829193836636
795772.0,19.999799297406177,19.99971092117138,20.07933023192012
800782.0,19.999796183878946,19.999708286651735,20.079826240465657
805785.0,19.99979091483475,19.99970253860486,20.080324883530835
810798.0,19.999789238320467,19.999705652132093,20.080826640123245
815811.0,19.999788998819128,19.999709005160664,20.081321930159856
820830.0,19.99979091483475,19.999712118687896,20.081816262191104
825842.0,19.99978349027359,19.999708526157985,20.082309636212088
830848.0,19.999782053260645,19.99970349661513,20.082812829817442
835859.0,19.999782532263325,19.99970708914504,20.083309077864318
840867.0,19.99978804080886,19.99970325711379,20.083800296368338
845875.0,19.999788759312878,19.99971068167495,20.08430157395807
850887.0,19.999788759312878,19.999707807653966,20.084795905989317
855895.0,19.999788998814218,19.999705891638342,20.085297662581727
860900.0,19.999793549349487,19.999703736121376,20.085797503158513
865914.0,19.999786124788326,19.99970876566423,20.086294948716994
870923.0,19.999782292757075,19.99970397562762,20.086789520249585
875932.0,19.99977558670484,19.99970014359637,20.087287444810745
880943.0,19.999771994174928,19.999697509076725,20.087785369371904
885948.0,19.999766485629394,19.999697269575385,20.088290478992885
890948.0,19.999763372102162,19.99969894608967,20.088791996083955
895950.0,19.99976169558788,19.999695832562438,20.08928824413083
900950.0,19.999767204133413,19.99969511405842,20.08978952172056
905951.0,19.99976792263743,19.99969080302449,20.090281458733507
910953.0,19.99976456960886,19.999684575974936,20.090783215325917
915953.0,19.999758103057964,19.999677151413774,20.091280660884397
920953.0,19.999754989530732,19.999674756395468,20.09177571141967
925953.0,19.999752115509747,19.99967427739279,20.0922769890094
930953.0,19.999755229036978,19.999666373828948,20.092777308588865
935953.0,19.999755947540997,19.99966182329368,20.093275233150024
940950.0,19.999752834013766,19.99966158379234,20.093770283685295
945950.0,19.999748283478496,19.999659907278055,20.094267968745115
950950.0,19.99975355252269,19.999657751761088,20.094766851311636
955953.0,19.999751397005724,19.999654877740102,20.09525998583128
960953.0,19.999758582065542,19.999652482721796,20.09576150292235
965953.0,19.999758821566882,19.99965847027001,20.09625966698485
970953.0,19.999757863561523,19.999663499812865,20.09675854955137
975953.0,19.999755229041877,19.999666852841436,20.09726126414914
980953.0,19.999750678506608,19.999662062804827,20.09775894920896
985953.0,19.99975043900527,19.999664936825813,20.098251125723245
990953.0,19.999750918007948,19.999660146789203,20.09875216380673
995953.0,19.999746606974018,19.99965870977626,20.09925415990048
1000953.0,19.9997482834883,19.999656793760636,20.099749928944675
1005953.0,19.999743493451692,19.99965870977626,20.100247853505834
1010953.0,19.999739421919102,19.999659667781618,20.100741946035743
1015953.0,19.99974037992446,19.9996613442959,20.10123771507994
1020953.0,19.999735110880266,19.999659907282958,20.101734202628155
1025953.0,19.999734871378926,19.999668529355723,20.10223883324155
1030953.0,19.999733913373568,19.999666134337417,20.10274514036923
1035951.0,19.999735350386512,19.999666134337417,20.10324689696164
1040950.0,19.999741577436065,19.99967236138697,20.10374530052548
1045953.0,19.99974277494767,19.99966757135036,20.104246338608963
1050953.0,19.999740379929364,19.999668768861966,20.10474617918575
1055953.0,19.999738224412397,19.999671403381612,20.105238116198695
1060948.0,19.999738224412397,19.999671403381612,20.10573436424557
1065949.0,19.999734152879807,19.999670445376253,20.106235402329055
1070949.0,19.99973151836016,19.999669726872234,20.10673596140986
1075950.0,19.99972361479632,19.99967906744902,20.107228856428165
1080950.0,19.999724812307925,19.99967547491911,20.1077325290362
1085951.0,19.999720980276674,19.999673558903485,20.108230453597358
1090953.0,19.999722896292297,19.99967164288786,20.10872957566522
1095950.0,19.999719064261047,19.999669247869555,20.109233008771913
1100951.0,19.999715232229796,19.99966781085661,20.10973332835138
1105953.0,19.999711639699886,19.999662062809737,20.110229815899594
1110950.0,19.9997087656789,19.99965487774992,20.110727740460753
1115950.0,19.999706370660594,19.999655596253938,20.111229976055842
1120953.0,19.999702538629343,19.999652003724027,20.111726463604057
1125953.0,19.99969679058247,19.99964912970304,20.112226783183523
1130953.0,19.99969583257711,19.99964984820706,20.112720636212092
1135953.0,19.999694635065506,19.999643142154824,20.113218081770572
1140953.0,19.999692719049882,19.99964194464322,20.11371672483575
1145953.0,19.999694395564166,19.99963811261197,20.114207464337092
1150953.0,19.999692479548543,19.999635957095002,20.11470586790093
1155953.0,19.999687210504348,19.99963667559902,20.1152085824987
1160953.0,19.99968625249899,19.99963212506375,20.11571345261834
1165953.0,19.999684575984706,19.99963260406643,20.116213053693787
1170953.0,19.999677151423544,19.999630448549464,20.116713133771913
1175953.0,19.99967954644185,19.999625658512855,20.117211058333073
1180953.0,19.999673319392297,19.99961967096464,20.117713293928162
1185953.0,19.999663739314173,19.9996117674008,20.11821960105584
1190953.0,19.999658709771317,19.999609372382494,20.118724950178162
1195953.0,19.999659667776676,19.999609132881154,20.119222395736642
1200953.0,19.99965439873248,19.999606977364188,20.119718883284857
1205953.0,19.999656075246765,19.999607695868207,20.120223034895574
1210953.0,19.999655835745425,19.999606498356602,20.120716887924143
1215953.0,19.999658230763732,19.99960266632535,20.12121696800227
1220953.0,19.999661344290963,19.9995964392758,20.121720640610302
1225953.0,19.999657033257034,19.999590451727585,20.122215451644234
1230951.0,19.999656554254354,19.999590451727585,20.122717687239323
1235951.0,19.99965128521016,19.999590212226245,20.123217048813427
1240953.0,19.99964410015034,19.9995964392758,20.12371401536432
1245953.0,19.999643381646322,19.999595002262854,20.124214095442447
1250953.0,19.999642902643643,19.999592367743208,20.124718486554503
1255953.0,19.999639070612393,19.999588775213297,20.12521449510004
1260950.0,19.999638591609713,19.999589972724902,20.125717449204053
1265951.0,19.999631885557477,19.999587098703916,20.126219684799143
1270953.0,19.999632604061496,19.999585422189632,20.126714256331734
1275953.0,19.999634759578463,19.99957536310883,20.127219126451376
1280953.0,19.99963308306418,19.999576800121773,20.12771992503352
1286223.0,19.999629730035608,19.99957536310883,20.12821808909602
1291238.0,19.999629490534268,19.99957943464142,20.128715295148254
1296244.0,19.9996273350173,19.999585901192315,20.12921585422906
1301252.0,19.999626616513282,19.999585182688296,20.129720005839776
1306263.0,19.99962326348471,19.999587577706603,20.130222001933525
1311269.0,19.999617994440516,19.999588056709282,20.13072304001701
1316282.0,19.999613443905247,19.999583745675352,20.13122120407951
1321283.0,19.999612246393642,19.99958398517669,20.131719607643348
1326283.0,19.999610809380698,19.999587577706603,20.13222328025138
1331293.0,19.999611288383377,19.999589493722226,20.132726234355395
1336307.0,19.999606737848108,19.999589254220886,20.133231104475037
1341315.0,19.99961440191061,19.999584464184277,20.133730945051823
1346323.0,19.999608653863735,19.99958350617892,20.13422743260004
1351342.0,19.999604582331145,19.999582069165974,20.13472918919245
1356355.0,19.999604103328465,19.999581350661956,20.13522831126031
1361361.0,19.99960266631552,19.999573926100794,20.13572599632013
1366365.0,19.999601229302577,19.99956793855258,20.136228950424144
1371364.0,19.999590930720434,19.999566501539636,20.13672974900629
1376367.0,19.999589972715075,19.999566980542316,20.137232463604057
1381367.0,19.99958709869409,19.999562909009725,20.137736854716113
1386368.0,19.99958781719811,19.999563148511065,20.138239569313882
1391374.0,19.99958781719811,19.999567699046334,20.138736056862097
1396370.0,19.999588056699448,19.999564346017763,20.13923972947013
1401366.0,19.999588056699448,19.999569854563298,20.13973046897147
1406369.0,19.99958709869409,19.999572249581604,20.140227196021026
1411370.0,19.999583985166858,19.999564585519103,20.140726078587548
1416368.0,19.99959021221641,19.99956745954009,20.141224721652726
1421367.0,19.99958614068382,19.99956650153473,20.141724801730852
1426368.0,19.999585422179802,19.999569375555716,20.14222272629201
1431368.0,19.99958997271507,19.999569615057055,20.14272663840139
1436368.0,19.999591888730695,19.99956722003875,20.143225281466567
1441369.0,19.99958925421105,19.999569136054372,20.143722966526386
1446370.0,19.999591170226672,19.999569375555712,20.144222088594248
1451377.0,19.999584703675776,19.99956195099455,20.144722168672374
1456382.0,19.999588775208366,19.999559316474905,20.145227038792015
1461384.0,19.99959164922935,19.999560274480263,20.145728555883085
1466388.0,19.999594523250337,19.999561950994547,20.146227677950947
1471391.0,19.999584943172213,19.999554047430706,20.146727279026393
1476399.0,19.999585182673552,19.999552610417762,20.147225443088892
1481421.0,19.99958997271016,19.99955500543607,20.14772384665273
1486441.0,19.99959045171284,19.99953201324857,20.148239733858535
1491452.0,19.99958638018025,19.999496087954373,20.148741969453624
1496459.0,19.999580871634716,19.999493932437407,20.14924492355764
1501471.0,19.99957823711507,19.99949991998562,20.149741890108533
1506480.0,19.999588056694535,19.99951165558071,20.150246760228175
1511487.0,19.999576081598104,19.99951644561732,20.150745403293353
1516500.0,19.999583745660605,19.999514050599014,20.15124572287282
1521508.0,19.99957823711507,19.999513811097675,20.151749634982195
1526518.0,19.999575363094085,19.99950423101955,20.152249475558982
1531528.0,19.999574884091405,19.999487944884287,20.152749555637108
1536536.0,19.999551891903906,19.999487465881607,20.153251551730857
1541544.0,19.999509739560157,19.999469982239642,20.153747799777733
1546547.0,19.999509260557478,19.999454414613304,20.154249077367464
1551554.0,19.999530576230693,19.999455372618662,20.15475993503532
1556561.0,19.999522912168192,19.999456570130267,20.155255704079515
1561560.0,19.999512374079803,19.99945369610928,20.15575267063041
1566570.0,19.999495129939177,19.999448187563747,20.156248918677285
1571575.0,19.999504470515962,19.999444595033836,20.15675738132193
1576575.0,19.99950542852132,19.999442918519552,20.157253629368807
1581574.0,19.99947932280659,19.999447229553482,20.157764487036662
1586574.0,19.999507584038284,19.999434775449465,20.158275823707196
1591575.0,19.999537761285605,19.99943669146509,20.15877662228934
1596575.0,19.99954374883382,19.999442918514642,20.15927502585318
1601578.0,19.999546383353465,19.999446750545893,20.15976983688711
1606578.0,19.999541593316856,19.99944483453027,20.160273509495145
1611579.0,19.999530815727127,19.99944387652491,20.160769039038
1616579.0,19.999523391165965,19.999438846982056,20.161276783178625
1621578.0,19.999523630667305,19.999439804987414,20.161778779272375
1626579.0,19.999520517140073,19.999436212457503,20.162278140846478
1631579.0,19.999528660205254,19.999429027397685,20.16277941843621
1636579.0,19.999523870168645,19.999428548395006,20.163279259012995
1641582.0,19.999527223197216,19.999424955865095,20.163781734109424
1646586.0,19.999526744194537,19.999423997859736,20.164284927714778
1651584.0,19.999529618215522,19.999423997859736,20.1647838102813
1656589.0,19.999526744194537,19.999422560846792,20.165283171855403
1661607.0,19.999520996147663,19.99942303984947,20.165784688946474
1666635.0,19.99951500859945,19.9994273508834,20.166282613507633
1671640.0,19.999515487602128,19.99942423735617,20.166784370100043
1676656.0,19.999514050589184,19.99942016582358,20.167283492167904
1681671.0,19.999521235649002,19.999411304249474,20.167781177227724
1686686.0,19.999522672661946,19.99941393876912,20.168280299295585
1691695.0,19.999521714656588,19.999411064748134,20.1687767868438
1696703.0,19.999520038142304,19.999406993215544,20.16926776584648
1701711.0,19.99950590752891,19.99939717363608,20.169771917457197
1706717.0,19.99950279400168,19.99939813164144,20.17027080002372
1711726.0,19.999501117487394,19.9993978921401,20.17076848508354
1716734.0,19.99949249541463,19.99939406010885,20.171271439187553
1721752.0,19.99948554985615,19.99939382060751,20.171773195779963
1726768.0,19.999491776905703,19.999415375782064,20.172253397197817
1731782.0,19.99949441142535,19.99941393876912,20.17274629221612
1736788.0,19.99948626836017,19.99941848930439,20.173231044169246
1741801.0,19.999484352344545,19.99941777080037,20.17373208225273
1746817.0,19.99947836479633,19.999415136280724,20.174231922829517
1751831.0,19.99946662920124,19.99940843022849,20.17472912888175
1756842.0,19.999472616749454,19.999405316701257,20.17523064597282
1761854.0,19.999476209279365,19.999412501761075,20.175723540991125
1766861.0,19.99946615019856,19.99939573662313,20.17623152463309
1771866.0,19.999480041310616,19.99940411918965,20.176753638893352
1776875.0,19.999448666556596,19.999382803516433,20.177265215065226
1781888.0,19.9994268718807,19.999372265428043,20.177754757054963
1786898.0,19.99942256084677,19.999376336960633,20.178263938208534
1791911.0,19.999440523491415,19.999379689989205,20.178771442847818
1796921.0,19.999444595024006,19.99938256401019,20.179267930396033
1801932.0,19.9994357334499,19.99937921098162,20.179752682349157
1806944.0,19.999429506400347,19.99937897148028,20.1802458168688
1811950.0,19.99942711138204,19.999376097459294,20.180741106905412
1816951.0,19.999424476862394,19.99937058891376,20.18124933004872
1821953.0,19.999427829890966,19.999369151900815,20.18174845211658
1826954.0,19.999425674374,19.999368433396796,20.182249490200064
1831956.0,19.99941489678427,19.999364840866885,20.18273759518176
1836957.0,19.999420405329804,19.9993619668459,20.18324701583667
1841961.0,19.999412980768643,19.99935765581197,20.183738713348276
1846967.0,19.999413938774,19.99936220634724,20.184237595914798
1851973.0,19.99941058574543,19.999363403858844,20.184730251431763
1856973.0,19.999404837698556,19.99935741631063,20.185212368865244
1861973.0,19.99941058574543,19.999360290331616,20.185715083463013
1866973.0,19.999408669729807,19.999352865770454,20.186222109099617
1871973.0,19.99941034624409,19.999352386767775,20.186708058564346
1876973.0,19.99940292168293,19.9993466387209,20.187206462128184
1881973.0,19.999397652638734,19.999345201707957,20.187704147188004
1886973.0,19.999386875049005,19.999341369676706,20.188202071749163
1891971.0,19.999386875049005,19.999337298144116,20.188704307344253
1896972.0,19.999382324513736,19.999340411671348,20.1892039084197
1901967.0,19.999378252981145,19.999338495655724,20.189699916965235
1906968.0,19.99937945049275,19.999331310595906,20.190198320529074
1911967.0,19.99937633696552,19.999331789598585,20.190703909152734
1916965.0,19.99937633696552,19.999324844040107,20.191203031220596
1921965.0,19.9993756184615,19.99931981449725,20.191702153288457
1926966.0,19.99937202593159,19.99931622196734,20.192197922332653
1931966.0,19.999370349417305,19.99931238993609,20.192699439423723
1936972.0,19.999366277884715,19.999310713421806,20.19319520846792
1941972.0,19.999362924856143,19.9993083184035,20.19369313302908
1946972.0,19.999363403858823,19.99930783940082,20.194191297091578
1951972.0,19.99936555937579,19.99930759989948,20.19469041915944
1956972.0,19.99936196684588,19.99930304936421,20.195193852266133
1961972.0,19.999360050830255,19.99930376786823,20.195695848359883
1966972.0,19.99935837431597,19.99930041483966,20.196192814910777
1971972.0,19.999356458300348,19.999297780320013,20.196699122038456
1976970.0,19.99934999174945,19.999297780320013,20.19720016012194
1981971.0,19.99935023125079,19.999297540818674,20.197696408168817
1986972.0,19.999347836232484,19.999301372849924,20.198196967249622
1991972.0,19.99934999174945,19.99930352836689,20.198696328823726
1996972.0,19.99934951274677,19.99930424687091,20.199197845914796
2001972.0,19.999344243702577,19.99930736039814,20.19970103952015
2006971.0,19.999342567188293,19.999306402392783,20.20020375411792
2011972.0,19.999343285692312,19.99930448637716,20.200706468715687
2016972.0,19.999336579640076,19.999298019826263,20.201208225308097
2021969.0,19.999333466112844,19.999298019826263,20.20170279684069
2026968.0,19.99933059209186,19.99929897783162,20.202196410367918
2031968.0,19.999325562549004,19.999297301317338,20.20269098190051
2036968.0,19.999326520554362,19.999297780320017,20.20318196090319
2041967.0,19.999321730517753,19.999298019821357,20.203681801479977
2046967.0,19.999317419483823,19.9992994568343,20.204186192592033
2051965.0,19.999316940481144,19.9992994568343,20.20468603316882
2056966.0,19.999312868948554,19.999302570361532,20.205187071252304
2061970.0,19.999309036917303,19.999302570361532,20.205688827844714
2066968.0,19.999300414844537,19.999298738330282,20.206186752405873
2071968.0,19.999301133348556,19.999301372849928,20.206687790489358
2076968.0,19.999307599899453,19.999303767868234,20.207194816125963
2081967.0,19.999304725878467,19.99930496537984,20.207696572718373
2086967.0,19.999299456834272,19.999306641894123,20.208193299767927
2091968.0,19.99930161235124,19.999299696335644,20.208690266318822
2096968.0,19.999298019821328,19.999299456834304,20.20919681294784
2101967.0,19.9992937087874,19.99929801982136,20.209697372028646
2106968.0,19.999298977831593,19.99929849882404,20.21019841011213
2111967.0,19.999294666797663,19.99929370878743,20.210697532179992
2116968.0,19.999295145800343,19.99929730131734,20.211195217239812
2121965.0,19.999295145800343,19.999296103805737,20.211696255323297
2126971.0,19.999287002735162,19.999292271774486,20.212193940383116
2131972.0,19.999288679249446,19.999291313769127,20.21269737348981
2136970.0,19.999292032278017,19.999291313769127,20.213193861038025
2141965.0,19.999288439748106,19.999285565722253,20.21369370161481
2146964.0,19.99928628423114,19.999285565722253,20.214188273147403
2151972.0,19.999284607716856,19.999280775685644,20.21470344184919
2156971.0,19.99930496538471,19.999282691701268,20.21524423725812
2161971.0,19.99928963725971,19.99927215361288,20.2157505443858
2166970.0,19.99928963725971,19.999272872116897,20.216252779980888
2171968.0,19.999286763238725,19.99927598564413,20.216742800978206
2176968.0,19.99927430913471,19.999259220506183,20.21725006611615
2181967.0,19.999270956106137,19.999271195602613,20.217754696729546
2186968.0,19.999249400931582,19.99925490946735,20.218245915233567
2191968.0,19.999242215871764,19.999248442916453,20.21873881025187
2196968.0,19.99924077885882,19.999241976365557,20.219220448677767
2201967.0,19.99923982085346,19.999246047898147,20.219719570745628
2206967.0,19.99923167778828,19.999235270308418,20.220219171821075
2211968.0,19.999241497367745,19.99923910233967,20.22071637787331
2216968.0,19.999234312307927,19.999229761762884,20.2212109494059
2221967.0,19.999219942188287,19.999221139690118,20.22171222699563
2226968.0,19.999227845752127,19.999227606241014,20.222213025577776
2231967.0,19.999226408739183,19.999223534708424,20.222711429141615
2236968.0,19.999207967086953,19.9992216186928,20.22320743768715
2241967.0,19.99920653007401,19.999228085243697,20.22371350531349
2246966.0,19.999201021528474,19.999227606241018,20.224206879334474
2251966.0,19.99920365604812,19.999233114786552,20.22470671991126
2256973.0,19.999201500531154,19.999234551799496,20.225196261900997
2261972.0,19.99919982401687,19.99923982084369,20.22569969500769
2266972.0,19.9992029375441,19.999237665326724,20.22620217010412
2271973.0,19.999200303024455,19.999236946822705,20.22670105267064
2276973.0,19.999199824021776,19.999236228318686,20.227202330260372
2281970.0,19.99920126103472,19.999231438282077,20.227700015320192
2286968.0,19.999204374561952,19.99923287529502,20.228195784364388
2291968.0,19.999200063528022,19.999236467824932,20.228691313907245
2296965.0,19.999200063528022,19.999238144339216,20.229199297549208
2301972.0,19.999203895559273,19.999233354302607,20.229696024598763
2306972.0,19.999198387013738,19.999230240775375,20.230188680115727
2311972.0,19.999200063528022,19.999226648245465,20.230688520692514
2316969.0,19.999199345024003,19.999222337211535,20.23118093670814
2321967.0,19.999191680961502,19.999221618707516,20.231676945253675
2326968.0,19.99918832793293,19.999221379206176,20.23217798333716
2331968.0,19.999182579886057,19.999224732234747,20.232676386900998
2336967.0,19.999178987356146,19.999227606255733,20.233175987976445
2341967.0,19.99918018486775,19.99922640874413,20.23367630755591
2346967.0,19.99918066387043,19.999224253227162,20.23417399261573
2351966.0,19.99917228130391,19.99922640874413,20.234670719665285
2356972.0,19.999173478815514,19.99922185820886,20.23517798480323
2361972.0,19.999170125786943,19.99921802617761,20.235671119322873
2366972.0,19.99916820977132,19.99922113970484,20.23616976238805
2371972.0,19.99916485674275,19.99921419414636,20.23666840545323
2376973.0,19.99916270122578,19.99921108061913,20.237157228938944
2381972.0,19.99915934819721,19.99921132012047,20.23765347698582
2386972.0,19.99915910869587,19.999213475637436,20.23815259905368
2391973.0,19.999161982716856,19.999213715138776,20.238643099053682
2396973.0,19.999158390186945,19.99920724858788,20.239140784113502
2401973.0,19.999147852098556,19.99920365605797,20.239631284113504
2406969.0,19.99914641508561,19.999202219045024,20.240129448176003
2411968.0,19.99913899052445,19.999200063528058,20.240635036799663
2416968.0,19.99913803251909,19.999196231496807,20.24113463787511
2421967.0,19.999136835007487,19.99919742900841,20.24164381902868
2426973.0,19.999126296919098,19.999201500541,20.24215012615636
2431973.0,19.999127015423117,19.99919838701377,20.242635836114847
2436974.0,19.999123422893206,19.999196470998147,20.243138550712615
2441973.0,19.99912485990615,19.999198866016453,20.24363863079074
2446973.0,19.99912414140213,19.999198387013774,20.244133202323333
2451973.0,19.999121267381145,19.99919311796958,20.24463376140414
2456973.0,19.999123422898112,19.999194794483863,20.245144140064408
2461973.0,19.99911719584856,19.999195991995467,20.245642543628247
2466973.0,19.99911647734454,19.999188088431627,20.2461457372336
2471973.0,19.999110010793643,19.999184016899036,20.246642703784495
2476973.0,19.99910450224811,19.999179705865107,20.24713943083405
2481973.0,19.999101628227123,19.99917683184412,20.247646695971994
2486973.0,19.99909611968159,19.99917659234278,20.24814965007601
2491973.0,19.999088695120427,19.999177789854386,20.248648053639847
2496974.0,19.999091329640073,19.999177550353046,20.249149331229578
2501972.0,19.999087976611502,19.999177071350367,20.24965491985324
2506973.0,19.999087497608823,19.999178029355726,20.250158831962615
2511973.0,19.999084863089177,19.99917563433742,20.250664660087615
2516973.0,19.9990779175307,19.99917898736599,20.251164261163062
2521973.0,19.99908127055927,19.999178029360632,20.251668891776458
2526973.0,19.999078636039624,19.999175155339646,20.252166576836277
2531973.0,19.999071929987387,19.999171083807056,20.252668812431367
2536973.0,19.99906713995078,19.999167730778485,20.253167455496545
2541973.0,19.999065223935155,19.99917036529813,20.25366801457735
2546973.0,19.999064265929796,19.999169407292772,20.254164981128245
2551973.0,19.999059475893187,19.999172999822683,20.254660031663516
2556973.0,19.999062110412833,19.99916988629545,20.2551522081778
2561972.0,19.999066660948102,19.999162701235633,20.255641750167538
2567507.0,19.999066181945423,19.999155037173132,20.25614662028718
2572528.0,19.999065942444084,19.999152402653486,20.256647658370664
2577535.0,19.999065463441404,19.999151923650807,20.257146301435842
2582541.0,19.999054446350335,19.99914497809233,20.257655243088074
2587545.0,19.999053727846317,19.999145696596347,20.258161789717093
2592551.0,19.999057320376227,19.999150726139202,20.258664264813522
2597559.0,19.999056841373548,19.999152163152146,20.259163626387625
2602565.0,19.99904965631373,19.99915360016509,20.25966777799834
2607565.0,19.99904606378382,19.99915455817045,20.260171211105035
2612566.0,19.999042471253908,19.99915431866911,20.26066290861664
2617570.0,19.999041034240964,19.99915407916777,20.261166341723335
2622574.0,19.999038399721318,19.99915455817045,20.261671211842977
2627575.0,19.999030735658817,19.999153360658845,20.262170333910838
2632579.0,19.999029059144533,19.99915216314724,20.262674725022894
2637580.0,19.999026185123547,19.999146415100366,20.2631752841037
2642582.0,19.999025945622208,19.999149528627598,20.26367296916352
2647586.0,19.999020676578013,19.999144499084743,20.26416754069611
2652587.0,19.99901947906641,19.999143780580724,20.26466666276397
2657592.0,19.999018281554804,19.99914593609769,20.26516482682647
2662609.0,19.999014449523553,19.99914665460171,20.265665625408616
2667632.0,19.999012054505247,19.999144738586086,20.266163070967096
2672638.0,19.999008222473996,19.999144978087426,20.266661714032274
2677651.0,19.999004629944086,19.99913491900662,20.267164428630043
2682668.0,19.99900319293114,19.99913156597805,20.26766043717558
2687683.0,19.999006306458373,19.99912797344814,20.268156924723794
2692696.0,19.999007024962392,19.99912821294948,20.26865341227201
2697706.0,19.999005587949448,19.99913132647671,20.26914702579924
2702713.0,19.9990029534298,19.999133960996357,20.2696461478671
2707720.0,19.998998642395872,19.999134919001715,20.27014526993496
2712731.0,19.99899936089989,19.999133960996357,20.27064319449612
2717742.0,19.998996726380245,19.999133002990998,20.2711418375613
2722757.0,19.998992654847655,19.999131326476714,20.271638085608174
2727772.0,19.998996247377566,19.999130607972695,20.272137207676035
2732783.0,19.998991936343636,19.99912773395171,20.2726375272555
2737798.0,19.998988822816404,19.999129889468676,20.273134493806396
2742812.0,19.998988583315064,19.99912701544769,20.2736338553805
2747831.0,19.99898331427087,19.999129889468676,20.274125552892105
2752844.0,19.998982116759265,19.999134440003946,20.27462611197291
2757850.0,19.99898020074364,19.999137074523592,20.27512116250818
2762856.0,19.99898091924766,19.999132044980737,20.275622440097912
2767865.0,19.998975650203466,19.99913396099636,20.276123957188982
2772874.0,19.99897301568382,19.99913827203029,20.27662667178675
2777888.0,19.998971099668196,19.999136116513323,20.277122201329608
2782897.0,19.998973255185163,19.99913443999904,20.27761940738184
2787911.0,19.99897157867088,19.999125817926274,20.278113978914433
2792921.0,19.998968704649894,19.999127015437878,20.27860423941309
2797933.0,19.9989710996682,19.999114321832522,20.279103361480953
2802943.0,19.998973015683823,19.999109292289667,20.279597933013545
2807948.0,19.998970620665517,19.9991071367727,20.280082924468008
2812951.0,19.998967267636946,19.999105460258416,20.280576058987652
2817954.0,19.99896056158471,19.999108094778062,20.281073025538547
2822953.0,19.99895984308069,19.999105699759756,20.281581488183193
2827954.0,19.998958645569086,19.99910689727136,20.282086597804174
2832954.0,19.998951460509268,19.99910354424279,20.282590270412207
2837954.0,19.998948586488282,19.999097077691893,20.283090829493013
2842953.0,19.99894523345971,19.999098993707516,20.28358923305685
2847954.0,19.998944754457032,19.999094203670907,20.284082607077835
2852954.0,19.998937808898553,19.999090611140996,20.284577657613106
2857954.0,19.998929665833373,19.999088695125373,20.285075342672926
2862953.0,19.998931102846317,19.999088216122693,20.285573267234085
2867954.0,19.99893014484096,19.99908677910975,20.28607646083944
2872954.0,19.99892798932399,19.99908222857448,20.286577259421584
2877954.0,19.998923438788722,19.99907815704189,20.287078537011315
2882953.0,19.998916732736486,19.9990817495718,20.287576222071134
2887953.0,19.998909068673985,19.999079594054834,20.288073907130954
2892954.0,19.99890787116238,19.999076241026263,20.28856967617515
2897954.0,19.998910026679347,19.999075283020904,20.289076701811755
2902953.0,19.998918888253453,19.999067858459743,20.289571512845686
2907954.0,19.998917690741848,19.999069774475366,20.29006847939658
2912954.0,19.99891673273649,19.999070732480725,20.29056712246176
2917954.0,19.998907392159705,19.99907240899501,20.29106073598899
2922953.0,19.99890906867399,19.999071211483404,20.29156273208274
2927954.0,19.998910266185593,19.999064265924925,20.292055866602382
2932954.0,19.998908110668626,19.999061152397694,20.292555228176486
2937954.0,19.998903560133357,19.99906618194055,20.293055308254612
2942953.0,19.99890547614898,19.999063786922243,20.293556585844343
2947954.0,19.998904039136036,19.999065223935187,20.29405498940818
2952954.0,19.99890595515166,19.999059954890992,20.294559620021577
2957954.0,19.99890691315702,19.999054925348137,20.295059700099703
2962955.0,19.998903081125768,19.999051811820905,20.295557145658183
2967956.0,19.998901404611484,19.999051572319566,20.29605291470238
2972956.0,19.998898291084252,19.9990494168026,20.29655802432336
2977962.0,19.998897093572648,19.99904965630394,20.297062175934077
2982967.0,19.998899728092294,19.999039357721795,20.297563453523807
2987967.0,19.998903799624884,19.9990340886776,20.298063533601933
2992966.0,19.9989021231106,19.99903744170617,20.298562895176037
2997973.0,19.998896614565066,19.999040794734743,20.299062735752823
3002972.0,19.998888950502565,19.999046303280277,20.29956353433497
3007973.0,19.998889669006584,19.9990482192959,20.30006888345729
3012973.0,19.998887513489617,19.999042950251706,20.30058309414881
3017973.0,19.998882483946762,19.99903648370081,20.3010853297439
3022973.0,19.99888463946373,19.999035286189205,20.301587804840327
3027973.0,19.998889189998998,19.9990328911709,20.302093632965327
3032973.0,19.99888703448203,19.99903672320215,20.302589881012203
3037973.0,19.998884639463725,19.99903720220483,20.303091398103273
3042973.0,19.998885357967744,19.999037920708847,20.30359986074792
3047972.0,19.998891106014618,19.999038878714206,20.304104251859975
3052969.0,19.998892782528902,19.999039118215546,20.304599302395246
3057968.0,19.998882962949438,19.999035765186974,20.305098424463107
3062963.0,19.998877933406582,19.999035765186974,20.305599223045252
3067972.0,19.998881765437833,19.99902953813742,20.30609786611043
3072972.0,19.998879370419527,19.999028580132062,20.30660345473409
3077971.0,19.998880088923546,19.99902666411644,20.30710592983052
3082971.0,19.998880567926225,19.999024269098133,20.307606249409986
3087972.0,19.998877214897654,19.999023550594114,20.308114472553292
3092971.0,19.998869790336492,19.99901852105126,20.30861239711445
3097971.0,19.998867155816846,19.999017084038314,20.309109363665346
3102971.0,19.998863084284256,19.999020916069565,20.309610880756416
3107971.0,19.99886092876729,19.999016365534295,20.310105691790348
3112972.0,19.998859252253006,19.999019718562867,20.310607208881418
3117972.0,19.998854462216396,19.999019000058848,20.31111255800374
3122972.0,19.99885613873068,19.999015647030276,20.311612159079186
3127972.0,19.998850390683806,19.999016605035635,20.3121151131832
3132973.0,19.99885589922934,19.99902235308251,20.31261710927695
3137972.0,19.998849193177104,19.99901780254724,20.313120063380964
3142972.0,19.998849911681123,19.99901708404322,20.313625891505964
3147972.0,19.998849672179784,19.999018760557504,20.31412645058677
3152972.0,19.998849432678444,19.99901732354456,20.31462533315329
3157973.0,19.99884775616416,19.999011814999026,20.31512373671713
3162973.0,19.998842247618626,19.999003432432506,20.315626690821144
3167973.0,19.998842966122645,19.99899792388697,20.3161310819332
3172973.0,19.998843445125324,19.998997684385632,20.316630683008647
3177974.0,19.99884607964497,19.99899361285304,20.31713435561668
3182973.0,19.998837457572204,19.998994810364646,20.31763347768454
3187973.0,19.998835062553898,19.99898810431241,20.318130683736776
3192974.0,19.998836499566842,19.99898786481107,20.318626213279632
3197973.0,19.99883889458515,19.998981637761517,20.319127251363117
3202973.0,19.998837457572204,19.998980200748573,20.319624936422937
3207973.0,19.998834344044973,19.998984272281163,20.320127172018026
3212973.0,19.998835541556577,19.998980919252592,20.32062318056356
3217973.0,19.99883889458515,19.99898139825527,20.321120626122042
3222973.0,19.998837218070864,19.99897325519009,20.32162022719749
3227973.0,19.998834823052558,19.998966309631612,20.322120067774275
3232973.0,19.998832907036935,19.998965351626254,20.32261703432517
3237971.0,19.998833386039614,19.998965351626254,20.32311471938499
3242965.0,19.998833386039614,19.998963196109287,20.323606416896595
3247972.0,19.998822368948545,19.998963914613306,20.324104341457755
3252972.0,19.99882500346819,19.9989627171017,20.32460490053856
3257972.0,19.998823087452568,19.99895960357447,20.325104741115346
3262972.0,19.99882476396685,19.998953137023573,20.32560577919883
3267973.0,19.998827877494083,19.998952179018215,20.326106098778297
3272972.0,19.998823805961493,19.998954095033838,20.32660306532919
3277973.0,19.998820931940507,19.998952418519554,20.32710075038901
3282973.0,19.998820692439168,19.99895074200527,20.3276029859841
3287973.0,19.998817339410596,19.998947867984285,20.328099473532315
3292973.0,19.998816860407917,19.998939485417765,20.328600990623386
3297974.0,19.998817818413276,19.99893397687223,20.32910178920553
3302973.0,19.99881518389363,19.99893062384366,20.32960402480062
3307973.0,19.998813267878006,19.998928468326692,20.330103386374724
3312973.0,19.998808956844076,19.99892248077848,20.330607058982757
3317973.0,19.998807280329792,19.99892152277312,20.331106899559543
3322973.0,19.99880991484944,19.99892631280973,20.33160745864035
3327973.0,19.998810154350778,19.99892559430571,20.332106101705527
3332973.0,19.99881350737935,19.998923678290087,20.332611929830527
3337973.0,19.99881662090658,19.9989208042691,20.333109614890347
3342973.0,19.998814465389614,19.998916014232492,20.333612089986776
3347972.0,19.998812070371308,19.998914577219548,20.33411552309347
3352974.0,19.99881135186729,19.99891649323517,20.33461392665731
3357976.0,19.99881039386193,19.998913858715525,20.335109456200165
3362975.0,19.99880656183068,19.998905955151685,20.33560905727561
3367976.0,19.998801053285145,19.99889972810213,20.336104347312222
3372976.0,19.998803208802112,19.9988966145749,20.336600355857758
3377977.0,19.998790275695416,19.998891585032045,20.337096124901954
3382975.0,19.9987996162722,19.998896375068654,20.337593570460434
3387976.0,19.998802490293187,19.998897093572673,20.33809436904258
3392976.0,19.99878524615256,19.998883441961958,20.33859684413901
3397976.0,19.99880057427756,19.998906434149458,20.33910626479392
3402975.0,19.99879578424095,19.99890811066374,20.33960394985374
3407977.0,19.998798179259257,19.99890858966642,20.340106903957754
3412976.0,19.998797460755238,19.998906434149454,20.340598122461774
3417976.0,19.998794107726667,19.998904039131148,20.34109029897606
3422975.0,19.99879314972131,19.99890739215972,20.341597085111324
3427976.0,19.998790515201662,19.998904757640073,20.34209405166222
3432976.0,19.998794586734252,19.998906673655696,20.342593413236322
3437976.0,19.998796023747197,19.99890164411284,20.343093732815788
3442975.0,19.998787641180677,19.99889757258025,20.343590699366683
3447976.0,19.99878907819362,19.99889445905302,20.344083594384987
3452976.0,19.99878596466639,19.998899488595875,20.344575770899272
3457975.0,19.9987818931338,19.99889326154632,20.345076329980078
3462973.0,19.9987818931338,19.998883441966857,20.345574254541237
3467973.0,19.99878117462978,19.998891585032037,20.346083914697488
3472973.0,19.99877662409451,19.99889302204498,20.346580641747043
3477973.0,19.99877638459317,19.998884160470876,20.347077847799277
3482972.0,19.998777821606115,19.998880328439625,20.347577448874723
3487972.0,19.99877614509183,19.998885118476235,20.3480760919399
3492973.0,19.998775666089152,19.998877693915073,20.348575453514005
3497972.0,19.998768720530673,19.998879609930697,20.34907218056356
3502972.0,19.998765367502102,19.99887697541105,20.34957872719258
3507972.0,19.99876584650478,19.998874819894084,20.350086471333203
3512972.0,19.998768241523088,19.99887338288114,20.350587030414008
3517973.0,19.99876728351773,19.998871227364173,20.35108447597249
3522973.0,19.998765367502106,19.99887362238248,20.351580245016685
3527973.0,19.998766086006125,19.998871706366856,20.35208343862204
3532969.0,19.99876321198514,19.998870748361497,20.352582081687217
3537968.0,19.998759858956568,19.998871466865516,20.353079527245697
3542967.0,19.998764169990498,19.99886883234587,20.353581044336767
3547968.0,19.99876201447353,19.998866676828904,20.354084956446144
3552968.0,19.99875746393826,19.998867874340508,20.354588150051498
3557968.0,19.998750518379783,19.998864521311937,20.355096373194804
3562967.0,19.99874932086818,19.998865479317296,20.355598369288554
3567969.0,19.9987488418655,19.998859252267742,20.356100844384983
3572968.0,19.99875243439541,19.998857096750775,20.356593499901948
3577968.0,19.99874836286282,19.998852306714166,20.357087592431856
3582967.0,19.998741656810584,19.998850630199883,20.357590067528285
3587973.0,19.998738303782012,19.998848474682916,20.35808272304525
3592971.0,19.998738303782012,19.99885446223113,20.358578731590786
3597972.0,19.998741417309244,19.99885374372711,20.359085038718465
3602970.0,19.998742854322188,19.99885446223113,20.35959230385641
3607972.0,19.99874477033781,19.998852306714163,20.360089270407304
3612972.0,19.998741896316826,19.998850151197196,20.36058911098409
3617972.0,19.99873519026459,19.998857336257014,20.361089909566235
3622972.0,19.998733753251646,19.99885470173737,20.361587355124716
3627972.0,19.998729921220395,19.998855180740048,20.362086477192577
3632966.0,19.998729921220395,19.998856378251652,20.362585599260438
3637972.0,19.9987246521762,19.998854941238708,20.363085679338564
3642972.0,19.998723454664596,19.9988525462204,20.3635816878841
3647972.0,19.998718904129326,19.99884871418915,20.36408080995196
3652972.0,19.998719383132006,19.998850151202095,20.36458639857562
3657970.0,19.998719383132006,19.99884512165924,20.365083365126516
3662967.0,19.9987105215579,19.998842966142274,20.365581529189015
3667968.0,19.998708605542276,19.998840810625307,20.366079453750174
3672967.0,19.998710761059243,19.998827159014592,20.36658049183366
3677968.0,19.998715311594513,19.998825722001648,20.367078895397498
3682967.0,19.998714832591833,19.998826919513252,20.367574664441694
3687968.0,19.99871770661282,19.998829793534238,20.368071870493928
3692968.0,19.998718904124424,19.998834104568168,20.368575064099282
3697968.0,19.998717946119065,19.9988319490512,20.369067480114907
3702967.0,19.998721059646297,19.998826680007006,20.36956660218277
3707967.0,19.99872273616058,19.998823326978435,20.370065005746607
3712966.0,19.99871962263335,19.998824045482454,20.370567480843036
3717965.0,19.99871531159942,19.9988254824954,20.37107091394973
3722970.0,19.99871147956817,19.99882452449004,20.371575544563125
3727972.0,19.998704773515932,19.9988242849887,20.372077780158214
3732973.0,19.99870525251861,19.998825961502984,20.372577620735
3737973.0,19.998702857500305,19.99882715901459,20.37308009583143
3742973.0,19.998703336502984,19.99882620100923,20.373578738896608
3747974.0,19.99870213899138,19.99883099104584,20.374070675909554
3752973.0,19.99870118098602,19.998827398515928,20.37457123499036
3757974.0,19.998695193437808,19.998829075030212,20.37506580652295
3762973.0,19.998688966388254,19.998827877518607,20.37556373108411
3767972.0,19.9986839368454,19.998826201004324,20.3760659666792
3772973.0,19.998681302325753,19.998825242998965,20.37656748377027
3777970.0,19.998674596273517,19.99881901594941,20.377070916876963
3782967.0,19.998673398761913,19.99881278889986,20.377575786996605
3787966.0,19.99867818879852,19.998806801351645,20.378077783090355
3792966.0,19.998671482746285,19.998802969320394,20.37857810266982
3797966.0,19.998666692709676,19.998802490317715,20.37908033826491
3802972.0,19.99867172225253,19.998798897787804,20.37957562830152
3807972.0,19.998671003748512,19.998795784260572,20.380072115849735
3812972.0,19.998661423670388,19.998794347247628,20.380567166385006
3817972.0,19.998657352137798,19.998791952229322,20.381066288452867
3822972.0,19.998659507654764,19.998791473226643,20.381563015502422
3827972.0,19.99865687313512,19.998794586753874,20.38206525109751
3832972.0,19.998659507654764,19.99880129280611,20.3825674866926
3837973.0,19.99865687313512,19.998798658286464,20.383071159300634
3842972.0,19.998655196620835,19.998796502769498,20.38357076037608
3847972.0,19.998658549649406,19.99879386824985,20.384073714480095
3852973.0,19.998658070646727,19.998792191735568,20.38457379455822
3857971.0,19.998658310148066,19.998792191735568,20.385074353639027
3862971.0,19.998658789150745,19.998786443688694,20.385578984252422
3867972.0,19.99865639413244,19.9987811746445,20.38607738781626
3872972.0,19.998658789150745,19.99877638460789,20.386576749390365
3877973.0,19.99865352010655,19.99877734261325,20.3870739554426
3882972.0,19.99865304110387,19.998776145101644,20.387567089962243
3887972.0,19.998652322599852,19.99877327108066,20.38807124157296
3892973.0,19.998655196620838,19.99877279207798,20.38856629210823
3897973.0,19.998656154626197,19.99876824154271,20.389070922721626
3902972.0,19.998652083093607,19.998766565028426,20.389576271843946
3907973.0,19.998651364589588,19.998769678555657,20.39007347789618
3912972.0,19.99865088558691,19.998766325527086,20.390577390005557
3917972.0,19.998653520106554,19.99876800204137,20.391079386099307
3922972.0,19.9986561546262,19.998770636561016,20.391583777211363
3927968.0,19.998653520106554,19.998768720545392,20.392080504260917
3932968.0,19.99865160409093,19.998765846524407,20.392576752307793
3937968.0,19.998650406579326,19.998763930508783,20.393084256947077
3942967.0,19.99864920906772,19.998759379973514,20.393585534536808
3947968.0,19.99864944856906,19.99876057748512,20.394079866568056
3952966.0,19.99864944856906,19.99875961947976,20.394581144157787
3957973.0,19.9986496880704,19.998750039401635,20.39507044664618
3962968.0,19.998648969566382,19.998752194918602,20.39556549718145
3967968.0,19.998650646080666,19.99875315292396,20.39606414024663
3972968.0,19.99864394002843,19.998751236908337,20.396562543810468
3977968.0,19.998638910485575,19.998755787443606,20.3970662164185
3982972.0,19.998635796958343,19.998755068939587,20.39756054844975
3987973.0,19.998631725425753,19.998759858976197,20.39805919151493
3992973.0,19.998636275961022,19.998758900970838,20.39855400254886
3997973.0,19.998639149982008,19.998755308440927,20.399057435655553
4002973.0,19.998632922932455,19.998762972503428,20.399558473739038
4007973.0,19.998632204428436,19.998765607023074,20.400062385848415
4012973.0,19.998630527914152,19.998767523038698,20.40055791539127
4017974.0,19.998629330402547,19.99877087606727,20.401060869495286
4022975.0,19.998627653888263,19.99876704403602,20.40156550010868
4027976.0,19.99863052790925,19.998763691007447,20.402070130722077
4032976.0,19.99863004890657,19.998768720550302,20.402574042831453
4037976.0,19.998632443924876,19.99876943905432,20.403082984483685
4042975.0,19.99862717488068,19.998768481048963,20.4035859385877
4047976.0,19.998630048901667,19.998772792082892,20.40408817418279
4052976.0,19.99863172541595,19.998772073578873,20.404586577746628
4057976.0,19.998629330397645,19.99877422909584,20.40508593932073
4062975.0,19.998626695878,19.998772313080217,20.405582666370286
4067976.0,19.998623103348088,19.998767044036022,20.406084422962696
4072976.0,19.998612565259698,19.99877135506995,20.40658761656805
4077976.0,19.99861040974273,19.99877973763647,20.40708602013189
4082972.0,19.998605380199876,19.99877973763647,20.40759089025153
4087973.0,19.99860681721282,19.998779019132453,20.408091209830996
4092974.0,19.998608254225765,19.99877973763647,20.408597037955996
4097974.0,19.99860657771148,19.998782372156118,20.40909735753546
4102973.0,19.998612804761034,19.99877782162085,20.409594324086356
4107973.0,19.998608254225765,19.998776384607904,20.41009105113591
4112973.0,19.99860322468291,19.998776145106564,20.41059232872564
4117973.0,19.99859915315032,19.998780456140494,20.41109097179082
4122973.0,19.998596039623088,19.99878189315344,20.41159368638859
4127969.0,19.998598674142734,19.998778061122188,20.412098317001984
4132967.0,19.998594363108804,19.99878189315344,20.41259121202029
4137968.0,19.99859148908782,19.998782372156118,20.413093447615378
4142967.0,19.9985907705838,19.998777342613263,20.413589456160913
4147966.0,19.998593165602106,19.998773031579333,20.414091931257342
4152973.0,19.998582867019962,19.998774229090937,20.414598717392607
4157974.0,19.998577837477107,19.998772313075314,20.415099755476092
4162973.0,19.998568496900322,19.998771594571295,20.415600793559577
4167969.0,19.998563467357467,19.99877351058692,20.416103029154666
4172968.0,19.9985613118405,19.99877135506995,20.41660406723815
4177968.0,19.99856107233916,19.998776624114146,20.41710247080199
4182968.0,19.998559635326217,19.998773510586915,20.417598239846185
4187968.0,19.99855101325345,19.998772552581556,20.418099517435916
4192968.0,19.99855053425077,19.99876584652932,20.418598400002438
4197969.0,19.998549576245413,19.99876201449807,20.419100156594848
4202967.0,19.9985524502664,19.998763212009674,20.419601673685918
4207968.0,19.998555084786044,19.998763691012353,20.42010055625244
4212968.0,19.998551252754794,19.99875770346414,20.420603270850208
4217968.0,19.99854981574185,19.998760577485125,20.42110263242431
4222967.0,19.998543349190953,19.99875530844093,20.42159624595154
4227968.0,19.998539277658363,19.998753871427986,20.422092014995737
4232968.0,19.998535685128452,19.998757463957897,20.42259520860109
4237968.0,19.998537361642736,19.99875914047218,20.423095528180557
4242968.0,19.99853448762175,19.998753152923967,20.423595608258683
4247968.0,19.998532332104784,19.998747644378433,20.424096406840828
4252973.0,19.99853520612577,19.998746925874414,20.424599600446182
4257971.0,19.998534008614165,19.998746925874414,20.42509752500734
4262971.0,19.998538559149434,19.998745967869056,20.425599042098412
4267972.0,19.99853592462979,19.998742375339145,20.426097924664933
4272973.0,19.998532811102557,19.998737824803875,20.426599920758683
4277973.0,19.998529697575325,19.998733274268606,20.42709952183413
4282973.0,19.998529458073985,19.99873590878825,20.427596248883685
4287969.0,19.998531613590952,19.998733034767266,20.428098963481453
4292968.0,19.99853233209497,19.9987308792503,20.428604552105114
4297968.0,19.998530655580687,19.998720820169495,20.42910415318056
4302967.0,19.9985277815597,19.998720580668156,20.429603993757347
4307968.0,19.998527302557022,19.998718904153872,20.430109103378328
4312968.0,19.998528739569966,19.99871938315655,20.43060439341494
4317968.0,19.998529697575325,19.998718425151193,20.43110183897342
4322967.0,19.99852802106104,19.998718185649853,20.43160335606449
4327968.0,19.998525626042735,19.998718664652532,20.432107986677885
4332968.0,19.99852394952845,19.998713395608338,20.432609743270294
4337968.0,19.99852371002711,19.99871698813825,20.433108146834133
4342967.0,19.998522752021753,19.99871650913557,20.433609663925203
4347968.0,19.998524428536037,19.998714114117263,20.434116929063148
4352968.0,19.998516764473536,19.99870860557173,20.4346265892194
4357968.0,19.99851556696193,19.99870645005476,20.43512786680913
4362968.0,19.99851173493068,19.998704773540478,20.43562579137029
4367968.0,19.99850766339809,19.998705971052082,20.436122757921183
4372968.0,19.998505028878444,19.998710521587352,20.436624275012253
4377968.0,19.99849904133023,19.99871147959271,20.437125313095738
4382967.0,19.99849568830166,19.998710042579766,20.437623956160916
4387968.0,19.99849161676907,19.998712198096733,20.438125233750647
4392968.0,19.9984870662338,19.99871459311504,20.438622679309127
4397968.0,19.99849017976103,19.998705013036915,20.439126591418503
4402967.0,19.998488024244065,19.998700462501645,20.439631461538145
4407968.0,19.998488742748084,19.998700702002985,20.44013249962163
4412968.0,19.998480599682903,19.99870645004986,20.440631861195733
4417968.0,19.998484431714154,19.998708845068165,20.441130025258232
4422968.0,19.998491377272632,19.998707887062807,20.441633697866266
4427968.0,19.998489940259688,19.998708605566826,20.442135214957336
4432968.0,19.998487305740042,19.998704534034236,20.44263888756537
4437968.0,19.998485868727098,19.998707647561467,20.443149505731885
4442967.0,19.998488263745404,19.998703336527537,20.443648148797063
4447968.0,19.998472696119066,19.998693277446733,20.444143438833674
4452968.0,19.998461679027997,19.998692798444054,20.444644716423404
4457968.0,19.998453535962817,19.998689205914143,20.44514503600287
4462967.0,19.99844850641996,19.99868321836593,20.44565062462653
4467967.0,19.99844946442532,19.998680344344944,20.44615597374885
4472966.0,19.998447548409697,19.998679386339585,20.446654856315373
4477973.0,19.998451859443627,19.998679865342265,20.4471549363935
4482973.0,19.998447069407018,19.998680104843604,20.447653100455998
4487973.0,19.99844012384854,19.998676751815033,20.44815821007698
4492973.0,19.998438926336934,19.998673877794047,20.448656613640818
4497974.0,19.998435094305684,19.998670285264136,20.449158849235907
4502973.0,19.998431980778452,19.99866741124315,20.44965150475287
4507973.0,19.998425274726216,19.998661663196277,20.4501539798493
4512974.0,19.99842287970791,19.998664058214583,20.450654059927427
4517973.0,19.998420963692286,19.998667650744494,20.451152463491265
4522973.0,19.998423119209253,19.99865831016771,20.451654459585015
4527973.0,19.99842192169765,19.998660944687355,20.45215741368903
4532973.0,19.998418808170417,19.998660705186015,20.452661804801085
4537973.0,19.99842072418604,19.998664776718606,20.45315517882207
4542973.0,19.99841713165613,19.998668608749856,20.453655498401535
4547973.0,19.998413778627558,19.998666932235572,20.454152943960015
4552971.0,19.998415934144525,19.998666932235572,20.454652066027876
4557972.0,19.99842503521997,19.99866525572129,20.45514903257877
4562971.0,19.99842910675256,19.998657352157448,20.455647915145292
4567972.0,19.998419287173096,19.99865280162218,20.45614775572208
4572972.0,19.998420005677115,19.998647532577984,20.456643524766275
4577972.0,19.99841353912622,19.998644898058338,20.45714312584172
4582972.0,19.998413778627558,19.99864681407396,20.45764584043949
4587972.0,19.998428867251217,19.9986470535753,20.458150231551546
4592972.0,19.99842024517845,19.99865423863512,20.458645042585477
4597973.0,19.998411623105685,19.99864944859851,20.459144883162264
4602973.0,19.998410904601666,19.99864513756458,20.45964544224307
4607973.0,19.99840156402488,19.99864082653065,20.460156539412264
4612973.0,19.998407312071755,19.99863244396413,20.460655661480125
4617974.0,19.99840443805077,19.99862909093556,20.46115262803102
4622972.0,19.998391744445414,19.998637952509664,20.46164336753236
4627969.0,19.998377134824434,19.998642503044934,20.462140573584595
4632968.0,19.99836779424765,19.99864058702931,20.462645683205576
4637968.0,19.998355819151218,19.99864130553333,20.46314504477968
4642967.0,19.998346239073093,19.998638431512344,20.463642250831914
4647967.0,19.998357495665502,19.998641545039575,20.46414616294129
4652968.0,19.998371147276217,19.99864394005788,20.464649835549324
4657968.0,19.99840803057577,19.99864873009449,20.46514560459352
4662967.0,19.998429346248987,19.998654717642705,20.465645445170306
4667973.0,19.998444674373985,19.998642263538688,20.46614624375245
4672973.0,19.99843054376059,19.998659268177974,20.46663985727968
4677974.0,19.998439884337376,19.99868441588244,20.467127962261376
4682972.0,19.998438207823092,19.998691840443602,20.46763858042789
4687972.0,19.998447308898537,19.998696869986457,20.468135307477446
4692973.0,19.998419287168183,19.998682978874402,20.468637064069856
4697972.0,19.998377853328453,19.998670764276632,20.469134749129676
4702971.0,19.99836803374899,19.998667890255646,20.469629560163607
4707972.0,19.99836372271506,19.998664776728415,20.470130598247092
4712972.0,19.998354861140953,19.998669087762345,20.47063043882388
4717972.0,19.99834887359274,19.998664776728415,20.471133871930572
4722967.0,19.998345760065508,19.998661423699843,20.471632754497094
4727973.0,19.998339533015955,19.99866429772083,20.47213379258058
4732973.0,19.998340251519974,19.998651843616813,20.472634830664063
4737974.0,19.998329713431584,19.998630767444936,20.473135629246208
4742972.0,19.998327318413278,19.99861400230699,20.473628284763173
4747973.0,19.99832636040792,19.998620229356543,20.474121898290402
4752974.0,19.998323246880688,19.998626456406097,20.474623175880133
4757973.0,19.998318217337832,19.998638192001188,20.4751234954596
4762968.0,19.99832516289631,19.998643461045383,20.475627168067632
4767968.0,19.998330192439166,19.998642263533778,20.47612964316406
4772968.0,19.998325641903897,19.99864202403244,20.476625651709597
4777968.0,19.99833067144675,19.998633401959673,20.477124773777458
4782967.0,19.998337377498988,19.998631006941366,20.477628685886835
4787968.0,19.998348634091396,19.99861376280074,20.47813259799621
4792968.0,19.998336658994965,19.998611128281095,20.47863052255737
4797968.0,19.998332108459696,19.998611846785113,20.479129884131474
4802967.0,19.998324683898534,19.998617355330648,20.47962637167969
4807968.0,19.998327797425766,19.99859364463913,20.480122859227905
4812968.0,19.998322049378892,19.99858262754806,20.48061934677612
4817968.0,19.998309116272196,19.998579993028414,20.48111775033996
4822967.0,19.998306002744965,19.99860394322618,20.481618069919424
4827968.0,19.99830815826193,19.998616636831535,20.48211791049621
4832968.0,19.998311511290503,19.998621426868144,20.48261631406005
4837968.0,19.998310553285144,19.998620708364125,20.48311447812255
4842968.0,19.99831270880211,19.99861519981859,20.483614558200674
4847968.0,19.998307679259256,19.99861951085252,20.484117272798443
4852968.0,19.99830241021506,19.998620947865465,20.484611844331035
4857968.0,19.99830217071372,19.99861975035386,20.48510905038327
4862967.0,19.998300015196754,19.998622624374846,20.48560649594175
4867968.0,19.998296901669523,19.99861975035386,20.486109210539517
4872968.0,19.998294027648537,19.998625258899395,20.486609769620323
4877966.0,19.998296901669523,19.998629090930645,20.487111526212733
4882972.0,19.998293309139612,19.998633162463236,20.487613522306482
4887973.0,19.998287561092738,19.998628851429306,20.48811168636898
4892973.0,19.99828109454184,19.998628611927966,20.48861344296139
4897973.0,19.998278220520856,19.998629569933325,20.489114481044876
4902973.0,19.998271274962377,19.998625019398055,20.489616716639965
4907973.0,19.998260976380234,19.998620229361446,20.49011751522211
4912973.0,19.998264329408805,19.998620468862786,20.490613763268986
4917974.0,19.99826241339318,19.99861543931993,20.491107616297555
4922973.0,19.998256425844968,19.9986123257927,20.491606259362733
4927973.0,19.998252833315057,19.998614481309666,20.49211088997613
4932974.0,19.9982518753097,19.998614241808326,20.492613844080143
4937973.0,19.998248043278448,19.998610888779755,20.493115361171213
4942973.0,19.99824133722621,19.99860561973556,20.493613525233712
4947973.0,19.99824157672755,19.998600350691365,20.494117197841746
4952973.0,19.99824612726282,19.99859915317976,20.494608176844427
4957973.0,19.998239900213267,19.998597237164137,20.495102269374335
4962973.0,19.998238463200323,19.99860082969405,20.495603546964066
4967973.0,19.998239900213267,19.998598434675742,20.496103627042192
4972973.0,19.99823918170925,19.998599871688686,20.496601312102012
4977974.0,19.99823487067532,19.99859460264449,20.497097799650227
4982972.0,19.998222656077548,19.998597955673063,20.497602190762283
4987973.0,19.998219303048977,19.998599632187346,20.49810658187434
4992970.0,19.998214992015047,19.998598434675742,20.498603069422554
4997968.0,19.99821666852933,19.998599632187346,20.49910314950068
,19.998223135080227,19.998596039657436,20.49959820003595
